id_dep,libDep,id_circo,libCirco,Inscrits,Votants,% Votants,Abstentions,% Abstentions,Exprimés,% Exprimés/inscrits,% Exprimés/votants,Blancs,% Blancs/inscrits,% Blancs/votants,Nuls,% Nuls/inscrits,% Nuls/votants,indicateur,valeur
81,Tarn,81001,1ère circonscription,85344,60773,"71,21%",24571,"28,79%",58776,"68,87%","96,71%",1314,"1,54%","2,16%",683,"0,80%","1,12%",Numéro de panneau 1,1
81,Tarn,81002,2ème circonscription,110310,79089,"71,70%",31221,"28,30%",76040,"68,93%","96,14%",2034,"1,84%","2,57%",1015,"0,92%","1,28%",Numéro de panneau 1,1
81,Tarn,81003,3ème circonscription,104780,75723,"72,27%",29057,"27,73%",72970,"69,64%","96,36%",1794,"1,71%","2,37%",959,"0,92%","1,27%",Numéro de panneau 1,1
81,Tarn,81001,1ère circonscription,85344,60773,"71,21%",24571,"28,79%",58776,"68,87%","96,71%",1314,"1,54%","2,16%",683,"0,80%","1,12%",Nuance candidat 1,DVG
81,Tarn,81002,2ème circonscription,110310,79089,"71,70%",31221,"28,30%",76040,"68,93%","96,14%",2034,"1,84%","2,57%",1015,"0,92%","1,28%",Nuance candidat 1,REG
81,Tarn,81003,3ème circonscription,104780,75723,"72,27%",29057,"27,73%",72970,"69,64%","96,36%",1794,"1,71%","2,37%",959,"0,92%","1,27%",Nuance candidat 1,UG
81,Tarn,81001,1ère circonscription,85344,60773,"71,21%",24571,"28,79%",58776,"68,87%","96,71%",1314,"1,54%","2,16%",683,"0,80%","1,12%",Nom candidat 1,PAUTHIER
81,Tarn,81002,2ème circonscription,110310,79089,"71,70%",31221,"28,30%",76040,"68,93%","96,14%",2034,"1,84%","2,57%",1015,"0,92%","1,28%",Nom candidat 1,ENCONTRE
81,Tarn,81003,3ème circonscription,104780,75723,"72,27%",29057,"27,73%",72970,"69,64%","96,36%",1794,"1,71%","2,37%",959,"0,92%","1,27%",Nom candidat 1,LASSALLE
81,Tarn,81001,1ère circonscription,85344,60773,"71,21%",24571,"28,79%",58776,"68,87%","96,71%",1314,"1,54%","2,16%",683,"0,80%","1,12%",Prénom candidat 1,Orphée
81,Tarn,81002,2ème circonscription,110310,79089,"71,70%",31221,"28,30%",76040,"68,93%","96,14%",2034,"1,84%","2,57%",1015,"0,92%","1,28%",Prénom candidat 1,Joël
81,Tarn,81003,3ème circonscription,104780,75723,"72,27%",29057,"27,73%",72970,"69,64%","96,36%",1794,"1,71%","2,37%",959,"0,92%","1,27%",Prénom candidat 1,Julien
81,Tarn,81001,1ère circonscription,85344,60773,"71,21%",24571,"28,79%",58776,"68,87%","96,71%",1314,"1,54%","2,16%",683,"0,80%","1,12%",Sexe candidat 1,MASCULIN
81,Tarn,81002,2ème circonscription,110310,79089,"71,70%",31221,"28,30%",76040,"68,93%","96,14%",2034,"1,84%","2,57%",1015,"0,92%","1,28%",Sexe candidat 1,MASCULIN
81,Tarn,81003,3ème circonscription,104780,75723,"72,27%",29057,"27,73%",72970,"69,64%","96,36%",1794,"1,71%","2,37%",959,"0,92%","1,27%",Sexe candidat 1,MASCULIN
81,Tarn,81001,1ère circonscription,85344,60773,"71,21%",24571,"28,79%",58776,"68,87%","96,71%",1314,"1,54%","2,16%",683,"0,80%","1,12%",Voix 1,178
81,Tarn,81002,2ème circonscription,110310,79089,"71,70%",31221,"28,30%",76040,"68,93%","96,14%",2034,"1,84%","2,57%",1015,"0,92%","1,28%",Voix 1,1058
81,Tarn,81003,3ème circonscription,104780,75723,"72,27%",29057,"27,73%",72970,"69,64%","96,36%",1794,"1,71%","2,37%",959,"0,92%","1,27%",Voix 1,18525
81,Tarn,81001,1ère circonscription,85344,60773,"71,21%",24571,"28,79%",58776,"68,87%","96,71%",1314,"1,54%","2,16%",683,"0,80%","1,12%",% Voix/inscrits 1,"0,21%"
81,Tarn,81002,2ème circonscription,110310,79089,"71,70%",31221,"28,30%",76040,"68,93%","96,14%",2034,"1,84%","2,57%",1015,"0,92%","1,28%",% Voix/inscrits 1,"0,96%"
81,Tarn,81003,3ème circonscription,104780,75723,"72,27%",29057,"27,73%",72970,"69,64%","96,36%",1794,"1,71%","2,37%",959,"0,92%","1,27%",% Voix/inscrits 1,"17,68%"
81,Tarn,81001,1ère circonscription,85344,60773,"71,21%",24571,"28,79%",58776,"68,87%","96,71%",1314,"1,54%","2,16%",683,"0,80%","1,12%",% Voix/exprimés 1,"0,30%"
81,Tarn,81002,2ème circonscription,110310,79089,"71,70%",31221,"28,30%",76040,"68,93%","96,14%",2034,"1,84%","2,57%",1015,"0,92%","1,28%",% Voix/exprimés 1,"1,39%"
81,Tarn,81003,3ème circonscription,104780,75723,"72,27%",29057,"27,73%",72970,"69,64%","96,36%",1794,"1,71%","2,37%",959,"0,92%","1,27%",% Voix/exprimés 1,"25,39%"
81,Tarn,81001,1ère circonscription,85344,60773,"71,21%",24571,"28,79%",58776,"68,87%","96,71%",1314,"1,54%","2,16%",683,"0,80%","1,12%",Elu 1,
81,Tarn,81002,2ème circonscription,110310,79089,"71,70%",31221,"28,30%",76040,"68,93%","96,14%",2034,"1,84%","2,57%",1015,"0,92%","1,28%",Elu 1,
81,Tarn,81003,3ème circonscription,104780,75723,"72,27%",29057,"27,73%",72970,"69,64%","96,36%",1794,"1,71%","2,37%",959,"0,92%","1,27%",Elu 1,
81,Tarn,81001,1ère circonscription,85344,60773,"71,21%",24571,"28,79%",58776,"68,87%","96,71%",1314,"1,54%","2,16%",683,"0,80%","1,12%",Numéro de panneau 2,2
81,Tarn,81002,2ème circonscription,110310,79089,"71,70%",31221,"28,30%",76040,"68,93%","96,14%",2034,"1,84%","2,57%",1015,"0,92%","1,28%",Numéro de panneau 2,2
81,Tarn,81003,3ème circonscription,104780,75723,"72,27%",29057,"27,73%",72970,"69,64%","96,36%",1794,"1,71%","2,37%",959,"0,92%","1,27%",Numéro de panneau 2,2
81,Tarn,81001,1ère circonscription,85344,60773,"71,21%",24571,"28,79%",58776,"68,87%","96,71%",1314,"1,54%","2,16%",683,"0,80%","1,12%",Nuance candidat 2,UG
81,Tarn,81002,2ème circonscription,110310,79089,"71,70%",31221,"28,30%",76040,"68,93%","96,14%",2034,"1,84%","2,57%",1015,"0,92%","1,28%",Nuance candidat 2,REC
81,Tarn,81003,3ème circonscription,104780,75723,"72,27%",29057,"27,73%",72970,"69,64%","96,36%",1794,"1,71%","2,37%",959,"0,92%","1,27%",Nuance candidat 2,EXG
81,Tarn,81001,1ère circonscription,85344,60773,"71,21%",24571,"28,79%",58776,"68,87%","96,71%",1314,"1,54%","2,16%",683,"0,80%","1,12%",Nom candidat 2,LAPEYRE
81,Tarn,81002,2ème circonscription,110310,79089,"71,70%",31221,"28,30%",76040,"68,93%","96,14%",2034,"1,84%","2,57%",1015,"0,92%","1,28%",Nom candidat 2,LAMOUCHE
81,Tarn,81003,3ème circonscription,104780,75723,"72,27%",29057,"27,73%",72970,"69,64%","96,36%",1794,"1,71%","2,37%",959,"0,92%","1,27%",Nom candidat 2,TRESSENS
81,Tarn,81001,1ère circonscription,85344,60773,"71,21%",24571,"28,79%",58776,"68,87%","96,71%",1314,"1,54%","2,16%",683,"0,80%","1,12%",Prénom candidat 2,Margot
81,Tarn,81002,2ème circonscription,110310,79089,"71,70%",31221,"28,30%",76040,"68,93%","96,14%",2034,"1,84%","2,57%",1015,"0,92%","1,28%",Prénom candidat 2,Frederic
81,Tarn,81003,3ème circonscription,104780,75723,"72,27%",29057,"27,73%",72970,"69,64%","96,36%",1794,"1,71%","2,37%",959,"0,92%","1,27%",Prénom candidat 2,Chantal
81,Tarn,81001,1ère circonscription,85344,60773,"71,21%",24571,"28,79%",58776,"68,87%","96,71%",1314,"1,54%","2,16%",683,"0,80%","1,12%",Sexe candidat 2,FEMININ
81,Tarn,81002,2ème circonscription,110310,79089,"71,70%",31221,"28,30%",76040,"68,93%","96,14%",2034,"1,84%","2,57%",1015,"0,92%","1,28%",Sexe candidat 2,MASCULIN
81,Tarn,81003,3ème circonscription,104780,75723,"72,27%",29057,"27,73%",72970,"69,64%","96,36%",1794,"1,71%","2,37%",959,"0,92%","1,27%",Sexe candidat 2,FEMININ
81,Tarn,81001,1ère circonscription,85344,60773,"71,21%",24571,"28,79%",58776,"68,87%","96,71%",1314,"1,54%","2,16%",683,"0,80%","1,12%",Voix 2,16673
81,Tarn,81002,2ème circonscription,110310,79089,"71,70%",31221,"28,30%",76040,"68,93%","96,14%",2034,"1,84%","2,57%",1015,"0,92%","1,28%",Voix 2,989
81,Tarn,81003,3ème circonscription,104780,75723,"72,27%",29057,"27,73%",72970,"69,64%","96,36%",1794,"1,71%","2,37%",959,"0,92%","1,27%",Voix 2,767
81,Tarn,81001,1ère circonscription,85344,60773,"71,21%",24571,"28,79%",58776,"68,87%","96,71%",1314,"1,54%","2,16%",683,"0,80%","1,12%",% Voix/inscrits 2,"19,54%"
81,Tarn,81002,2ème circonscription,110310,79089,"71,70%",31221,"28,30%",76040,"68,93%","96,14%",2034,"1,84%","2,57%",1015,"0,92%","1,28%",% Voix/inscrits 2,"0,90%"
81,Tarn,81003,3ème circonscription,104780,75723,"72,27%",29057,"27,73%",72970,"69,64%","96,36%",1794,"1,71%","2,37%",959,"0,92%","1,27%",% Voix/inscrits 2,"0,73%"
81,Tarn,81001,1ère circonscription,85344,60773,"71,21%",24571,"28,79%",58776,"68,87%","96,71%",1314,"1,54%","2,16%",683,"0,80%","1,12%",% Voix/exprimés 2,"28,37%"
81,Tarn,81002,2ème circonscription,110310,79089,"71,70%",31221,"28,30%",76040,"68,93%","96,14%",2034,"1,84%","2,57%",1015,"0,92%","1,28%",% Voix/exprimés 2,"1,30%"
81,Tarn,81003,3ème circonscription,104780,75723,"72,27%",29057,"27,73%",72970,"69,64%","96,36%",1794,"1,71%","2,37%",959,"0,92%","1,27%",% Voix/exprimés 2,"1,05%"
81,Tarn,81001,1ère circonscription,85344,60773,"71,21%",24571,"28,79%",58776,"68,87%","96,71%",1314,"1,54%","2,16%",683,"0,80%","1,12%",Elu 2,
81,Tarn,81002,2ème circonscription,110310,79089,"71,70%",31221,"28,30%",76040,"68,93%","96,14%",2034,"1,84%","2,57%",1015,"0,92%","1,28%",Elu 2,
81,Tarn,81003,3ème circonscription,104780,75723,"72,27%",29057,"27,73%",72970,"69,64%","96,36%",1794,"1,71%","2,37%",959,"0,92%","1,27%",Elu 2,
81,Tarn,81001,1ère circonscription,85344,60773,"71,21%",24571,"28,79%",58776,"68,87%","96,71%",1314,"1,54%","2,16%",683,"0,80%","1,12%",Numéro de panneau 3,3
81,Tarn,81002,2ème circonscription,110310,79089,"71,70%",31221,"28,30%",76040,"68,93%","96,14%",2034,"1,84%","2,57%",1015,"0,92%","1,28%",Numéro de panneau 3,3
81,Tarn,81003,3ème circonscription,104780,75723,"72,27%",29057,"27,73%",72970,"69,64%","96,36%",1794,"1,71%","2,37%",959,"0,92%","1,27%",Numéro de panneau 3,3
81,Tarn,81001,1ère circonscription,85344,60773,"71,21%",24571,"28,79%",58776,"68,87%","96,71%",1314,"1,54%","2,16%",683,"0,80%","1,12%",Nuance candidat 3,EXG
81,Tarn,81002,2ème circonscription,110310,79089,"71,70%",31221,"28,30%",76040,"68,93%","96,14%",2034,"1,84%","2,57%",1015,"0,92%","1,28%",Nuance candidat 3,UG
81,Tarn,81003,3ème circonscription,104780,75723,"72,27%",29057,"27,73%",72970,"69,64%","96,36%",1794,"1,71%","2,37%",959,"0,92%","1,27%",Nuance candidat 3,DSV
81,Tarn,81001,1ère circonscription,85344,60773,"71,21%",24571,"28,79%",58776,"68,87%","96,71%",1314,"1,54%","2,16%",683,"0,80%","1,12%",Nom candidat 3,CHAVEGRAND
81,Tarn,81002,2ème circonscription,110310,79089,"71,70%",31221,"28,30%",76040,"68,93%","96,14%",2034,"1,84%","2,57%",1015,"0,92%","1,28%",Nom candidat 3,ERODI
81,Tarn,81003,3ème circonscription,104780,75723,"72,27%",29057,"27,73%",72970,"69,64%","96,36%",1794,"1,71%","2,37%",959,"0,92%","1,27%",Nom candidat 3,AZAIS
81,Tarn,81001,1ère circonscription,85344,60773,"71,21%",24571,"28,79%",58776,"68,87%","96,71%",1314,"1,54%","2,16%",683,"0,80%","1,12%",Prénom candidat 3,Eric
81,Tarn,81002,2ème circonscription,110310,79089,"71,70%",31221,"28,30%",76040,"68,93%","96,14%",2034,"1,84%","2,57%",1015,"0,92%","1,28%",Prénom candidat 3,Karen
81,Tarn,81003,3ème circonscription,104780,75723,"72,27%",29057,"27,73%",72970,"69,64%","96,36%",1794,"1,71%","2,37%",959,"0,92%","1,27%",Prénom candidat 3,Alban
81,Tarn,81001,1ère circonscription,85344,60773,"71,21%",24571,"28,79%",58776,"68,87%","96,71%",1314,"1,54%","2,16%",683,"0,80%","1,12%",Sexe candidat 3,MASCULIN
81,Tarn,81002,2ème circonscription,110310,79089,"71,70%",31221,"28,30%",76040,"68,93%","96,14%",2034,"1,84%","2,57%",1015,"0,92%","1,28%",Sexe candidat 3,FEMININ
81,Tarn,81003,3ème circonscription,104780,75723,"72,27%",29057,"27,73%",72970,"69,64%","96,36%",1794,"1,71%","2,37%",959,"0,92%","1,27%",Sexe candidat 3,MASCULIN
81,Tarn,81001,1ère circonscription,85344,60773,"71,21%",24571,"28,79%",58776,"68,87%","96,71%",1314,"1,54%","2,16%",683,"0,80%","1,12%",Voix 3,567
81,Tarn,81002,2ème circonscription,110310,79089,"71,70%",31221,"28,30%",76040,"68,93%","96,14%",2034,"1,84%","2,57%",1015,"0,92%","1,28%",Voix 3,24048
81,Tarn,81003,3ème circonscription,104780,75723,"72,27%",29057,"27,73%",72970,"69,64%","96,36%",1794,"1,71%","2,37%",959,"0,92%","1,27%",Voix 3,95
81,Tarn,81001,1ère circonscription,85344,60773,"71,21%",24571,"28,79%",58776,"68,87%","96,71%",1314,"1,54%","2,16%",683,"0,80%","1,12%",% Voix/inscrits 3,"0,66%"
81,Tarn,81002,2ème circonscription,110310,79089,"71,70%",31221,"28,30%",76040,"68,93%","96,14%",2034,"1,84%","2,57%",1015,"0,92%","1,28%",% Voix/inscrits 3,"21,80%"
81,Tarn,81003,3ème circonscription,104780,75723,"72,27%",29057,"27,73%",72970,"69,64%","96,36%",1794,"1,71%","2,37%",959,"0,92%","1,27%",% Voix/inscrits 3,"0,09%"
81,Tarn,81001,1ère circonscription,85344,60773,"71,21%",24571,"28,79%",58776,"68,87%","96,71%",1314,"1,54%","2,16%",683,"0,80%","1,12%",% Voix/exprimés 3,"0,96%"
81,Tarn,81002,2ème circonscription,110310,79089,"71,70%",31221,"28,30%",76040,"68,93%","96,14%",2034,"1,84%","2,57%",1015,"0,92%","1,28%",% Voix/exprimés 3,"31,63%"
81,Tarn,81003,3ème circonscription,104780,75723,"72,27%",29057,"27,73%",72970,"69,64%","96,36%",1794,"1,71%","2,37%",959,"0,92%","1,27%",% Voix/exprimés 3,"0,13%"
81,Tarn,81001,1ère circonscription,85344,60773,"71,21%",24571,"28,79%",58776,"68,87%","96,71%",1314,"1,54%","2,16%",683,"0,80%","1,12%",Elu 3,
81,Tarn,81002,2ème circonscription,110310,79089,"71,70%",31221,"28,30%",76040,"68,93%","96,14%",2034,"1,84%","2,57%",1015,"0,92%","1,28%",Elu 3,
81,Tarn,81003,3ème circonscription,104780,75723,"72,27%",29057,"27,73%",72970,"69,64%","96,36%",1794,"1,71%","2,37%",959,"0,92%","1,27%",Elu 3,
81,Tarn,81001,1ère circonscription,85344,60773,"71,21%",24571,"28,79%",58776,"68,87%","96,71%",1314,"1,54%","2,16%",683,"0,80%","1,12%",Numéro de panneau 4,4
81,Tarn,81002,2ème circonscription,110310,79089,"71,70%",31221,"28,30%",76040,"68,93%","96,14%",2034,"1,84%","2,57%",1015,"0,92%","1,28%",Numéro de panneau 4,4
81,Tarn,81003,3ème circonscription,104780,75723,"72,27%",29057,"27,73%",72970,"69,64%","96,36%",1794,"1,71%","2,37%",959,"0,92%","1,27%",Numéro de panneau 4,4
81,Tarn,81001,1ère circonscription,85344,60773,"71,21%",24571,"28,79%",58776,"68,87%","96,71%",1314,"1,54%","2,16%",683,"0,80%","1,12%",Nuance candidat 4,RN
81,Tarn,81002,2ème circonscription,110310,79089,"71,70%",31221,"28,30%",76040,"68,93%","96,14%",2034,"1,84%","2,57%",1015,"0,92%","1,28%",Nuance candidat 4,ENS
81,Tarn,81003,3ème circonscription,104780,75723,"72,27%",29057,"27,73%",72970,"69,64%","96,36%",1794,"1,71%","2,37%",959,"0,92%","1,27%",Nuance candidat 4,ENS
81,Tarn,81001,1ère circonscription,85344,60773,"71,21%",24571,"28,79%",58776,"68,87%","96,71%",1314,"1,54%","2,16%",683,"0,80%","1,12%",Nom candidat 4,CABROLIER
81,Tarn,81002,2ème circonscription,110310,79089,"71,70%",31221,"28,30%",76040,"68,93%","96,14%",2034,"1,84%","2,57%",1015,"0,92%","1,28%",Nom candidat 4,VERDIER
81,Tarn,81003,3ème circonscription,104780,75723,"72,27%",29057,"27,73%",72970,"69,64%","96,36%",1794,"1,71%","2,37%",959,"0,92%","1,27%",Nom candidat 4,TERLIER
81,Tarn,81001,1ère circonscription,85344,60773,"71,21%",24571,"28,79%",58776,"68,87%","96,71%",1314,"1,54%","2,16%",683,"0,80%","1,12%",Prénom candidat 4,Frédéric
81,Tarn,81002,2ème circonscription,110310,79089,"71,70%",31221,"28,30%",76040,"68,93%","96,14%",2034,"1,84%","2,57%",1015,"0,92%","1,28%",Prénom candidat 4,Pierre
81,Tarn,81003,3ème circonscription,104780,75723,"72,27%",29057,"27,73%",72970,"69,64%","96,36%",1794,"1,71%","2,37%",959,"0,92%","1,27%",Prénom candidat 4,Jean
81,Tarn,81001,1ère circonscription,85344,60773,"71,21%",24571,"28,79%",58776,"68,87%","96,71%",1314,"1,54%","2,16%",683,"0,80%","1,12%",Sexe candidat 4,MASCULIN
81,Tarn,81002,2ème circonscription,110310,79089,"71,70%",31221,"28,30%",76040,"68,93%","96,14%",2034,"1,84%","2,57%",1015,"0,92%","1,28%",Sexe candidat 4,MASCULIN
81,Tarn,81003,3ème circonscription,104780,75723,"72,27%",29057,"27,73%",72970,"69,64%","96,36%",1794,"1,71%","2,37%",959,"0,92%","1,27%",Sexe candidat 4,MASCULIN
81,Tarn,81001,1ère circonscription,85344,60773,"71,21%",24571,"28,79%",58776,"68,87%","96,71%",1314,"1,54%","2,16%",683,"0,80%","1,12%",Voix 4,23237
81,Tarn,81002,2ème circonscription,110310,79089,"71,70%",31221,"28,30%",76040,"68,93%","96,14%",2034,"1,84%","2,57%",1015,"0,92%","1,28%",Voix 4,16501
81,Tarn,81003,3ème circonscription,104780,75723,"72,27%",29057,"27,73%",72970,"69,64%","96,36%",1794,"1,71%","2,37%",959,"0,92%","1,27%",Voix 4,20870
81,Tarn,81001,1ère circonscription,85344,60773,"71,21%",24571,"28,79%",58776,"68,87%","96,71%",1314,"1,54%","2,16%",683,"0,80%","1,12%",% Voix/inscrits 4,"27,23%"
81,Tarn,81002,2ème circonscription,110310,79089,"71,70%",31221,"28,30%",76040,"68,93%","96,14%",2034,"1,84%","2,57%",1015,"0,92%","1,28%",% Voix/inscrits 4,"14,96%"
81,Tarn,81003,3ème circonscription,104780,75723,"72,27%",29057,"27,73%",72970,"69,64%","96,36%",1794,"1,71%","2,37%",959,"0,92%","1,27%",% Voix/inscrits 4,"19,92%"
81,Tarn,81001,1ère circonscription,85344,60773,"71,21%",24571,"28,79%",58776,"68,87%","96,71%",1314,"1,54%","2,16%",683,"0,80%","1,12%",% Voix/exprimés 4,"39,53%"
81,Tarn,81002,2ème circonscription,110310,79089,"71,70%",31221,"28,30%",76040,"68,93%","96,14%",2034,"1,84%","2,57%",1015,"0,92%","1,28%",% Voix/exprimés 4,"21,70%"
81,Tarn,81003,3ème circonscription,104780,75723,"72,27%",29057,"27,73%",72970,"69,64%","96,36%",1794,"1,71%","2,37%",959,"0,92%","1,27%",% Voix/exprimés 4,"28,60%"
81,Tarn,81001,1ère circonscription,85344,60773,"71,21%",24571,"28,79%",58776,"68,87%","96,71%",1314,"1,54%","2,16%",683,"0,80%","1,12%",Elu 4,
81,Tarn,81002,2ème circonscription,110310,79089,"71,70%",31221,"28,30%",76040,"68,93%","96,14%",2034,"1,84%","2,57%",1015,"0,92%","1,28%",Elu 4,
81,Tarn,81003,3ème circonscription,104780,75723,"72,27%",29057,"27,73%",72970,"69,64%","96,36%",1794,"1,71%","2,37%",959,"0,92%","1,27%",Elu 4,
81,Tarn,81001,1ère circonscription,85344,60773,"71,21%",24571,"28,79%",58776,"68,87%","96,71%",1314,"1,54%","2,16%",683,"0,80%","1,12%",Numéro de panneau 5,5.0
81,Tarn,81002,2ème circonscription,110310,79089,"71,70%",31221,"28,30%",76040,"68,93%","96,14%",2034,"1,84%","2,57%",1015,"0,92%","1,28%",Numéro de panneau 5,5.0
81,Tarn,81003,3ème circonscription,104780,75723,"72,27%",29057,"27,73%",72970,"69,64%","96,36%",1794,"1,71%","2,37%",959,"0,92%","1,27%",Numéro de panneau 5,5.0
81,Tarn,81001,1ère circonscription,85344,60773,"71,21%",24571,"28,79%",58776,"68,87%","96,71%",1314,"1,54%","2,16%",683,"0,80%","1,12%",Nuance candidat 5,DVC
81,Tarn,81002,2ème circonscription,110310,79089,"71,70%",31221,"28,30%",76040,"68,93%","96,14%",2034,"1,84%","2,57%",1015,"0,92%","1,28%",Nuance candidat 5,EXG
81,Tarn,81003,3ème circonscription,104780,75723,"72,27%",29057,"27,73%",72970,"69,64%","96,36%",1794,"1,71%","2,37%",959,"0,92%","1,27%",Nuance candidat 5,UXD
81,Tarn,81001,1ère circonscription,85344,60773,"71,21%",24571,"28,79%",58776,"68,87%","96,71%",1314,"1,54%","2,16%",683,"0,80%","1,12%",Nom candidat 5,BONNECARRERE
81,Tarn,81002,2ème circonscription,110310,79089,"71,70%",31221,"28,30%",76040,"68,93%","96,14%",2034,"1,84%","2,57%",1015,"0,92%","1,28%",Nom candidat 5,GIMENEZ SASTRE
81,Tarn,81003,3ème circonscription,104780,75723,"72,27%",29057,"27,73%",72970,"69,64%","96,36%",1794,"1,71%","2,37%",959,"0,92%","1,27%",Nom candidat 5,CARAYON
81,Tarn,81001,1ère circonscription,85344,60773,"71,21%",24571,"28,79%",58776,"68,87%","96,71%",1314,"1,54%","2,16%",683,"0,80%","1,12%",Prénom candidat 5,Philippe
81,Tarn,81002,2ème circonscription,110310,79089,"71,70%",31221,"28,30%",76040,"68,93%","96,14%",2034,"1,84%","2,57%",1015,"0,92%","1,28%",Prénom candidat 5,Boris
81,Tarn,81003,3ème circonscription,104780,75723,"72,27%",29057,"27,73%",72970,"69,64%","96,36%",1794,"1,71%","2,37%",959,"0,92%","1,27%",Prénom candidat 5,Guilhem
81,Tarn,81001,1ère circonscription,85344,60773,"71,21%",24571,"28,79%",58776,"68,87%","96,71%",1314,"1,54%","2,16%",683,"0,80%","1,12%",Sexe candidat 5,MASCULIN
81,Tarn,81002,2ème circonscription,110310,79089,"71,70%",31221,"28,30%",76040,"68,93%","96,14%",2034,"1,84%","2,57%",1015,"0,92%","1,28%",Sexe candidat 5,MASCULIN
81,Tarn,81003,3ème circonscription,104780,75723,"72,27%",29057,"27,73%",72970,"69,64%","96,36%",1794,"1,71%","2,37%",959,"0,92%","1,27%",Sexe candidat 5,MASCULIN
81,Tarn,81001,1ère circonscription,85344,60773,"71,21%",24571,"28,79%",58776,"68,87%","96,71%",1314,"1,54%","2,16%",683,"0,80%","1,12%",Voix 5,17352.0
81,Tarn,81002,2ème circonscription,110310,79089,"71,70%",31221,"28,30%",76040,"68,93%","96,14%",2034,"1,84%","2,57%",1015,"0,92%","1,28%",Voix 5,512.0
81,Tarn,81003,3ème circonscription,104780,75723,"72,27%",29057,"27,73%",72970,"69,64%","96,36%",1794,"1,71%","2,37%",959,"0,92%","1,27%",Voix 5,31748.0
81,Tarn,81001,1ère circonscription,85344,60773,"71,21%",24571,"28,79%",58776,"68,87%","96,71%",1314,"1,54%","2,16%",683,"0,80%","1,12%",% Voix/inscrits 5,"20,33%"
81,Tarn,81002,2ème circonscription,110310,79089,"71,70%",31221,"28,30%",76040,"68,93%","96,14%",2034,"1,84%","2,57%",1015,"0,92%","1,28%",% Voix/inscrits 5,"0,46%"
81,Tarn,81003,3ème circonscription,104780,75723,"72,27%",29057,"27,73%",72970,"69,64%","96,36%",1794,"1,71%","2,37%",959,"0,92%","1,27%",% Voix/inscrits 5,"30,30%"
81,Tarn,81001,1ère circonscription,85344,60773,"71,21%",24571,"28,79%",58776,"68,87%","96,71%",1314,"1,54%","2,16%",683,"0,80%","1,12%",% Voix/exprimés 5,"29,52%"
81,Tarn,81002,2ème circonscription,110310,79089,"71,70%",31221,"28,30%",76040,"68,93%","96,14%",2034,"1,84%","2,57%",1015,"0,92%","1,28%",% Voix/exprimés 5,"0,67%"
81,Tarn,81003,3ème circonscription,104780,75723,"72,27%",29057,"27,73%",72970,"69,64%","96,36%",1794,"1,71%","2,37%",959,"0,92%","1,27%",% Voix/exprimés 5,"43,51%"
81,Tarn,81001,1ère circonscription,85344,60773,"71,21%",24571,"28,79%",58776,"68,87%","96,71%",1314,"1,54%","2,16%",683,"0,80%","1,12%",Elu 5,
81,Tarn,81002,2ème circonscription,110310,79089,"71,70%",31221,"28,30%",76040,"68,93%","96,14%",2034,"1,84%","2,57%",1015,"0,92%","1,28%",Elu 5,
81,Tarn,81003,3ème circonscription,104780,75723,"72,27%",29057,"27,73%",72970,"69,64%","96,36%",1794,"1,71%","2,37%",959,"0,92%","1,27%",Elu 5,
81,Tarn,81001,1ère circonscription,85344,60773,"71,21%",24571,"28,79%",58776,"68,87%","96,71%",1314,"1,54%","2,16%",683,"0,80%","1,12%",Numéro de panneau 6,6.0
81,Tarn,81002,2ème circonscription,110310,79089,"71,70%",31221,"28,30%",76040,"68,93%","96,14%",2034,"1,84%","2,57%",1015,"0,92%","1,28%",Numéro de panneau 6,6.0
81,Tarn,81003,3ème circonscription,104780,75723,"72,27%",29057,"27,73%",72970,"69,64%","96,36%",1794,"1,71%","2,37%",959,"0,92%","1,27%",Numéro de panneau 6,6.0
81,Tarn,81001,1ère circonscription,85344,60773,"71,21%",24571,"28,79%",58776,"68,87%","96,71%",1314,"1,54%","2,16%",683,"0,80%","1,12%",Nuance candidat 6,REC
81,Tarn,81002,2ème circonscription,110310,79089,"71,70%",31221,"28,30%",76040,"68,93%","96,14%",2034,"1,84%","2,57%",1015,"0,92%","1,28%",Nuance candidat 6,RN
81,Tarn,81003,3ème circonscription,104780,75723,"72,27%",29057,"27,73%",72970,"69,64%","96,36%",1794,"1,71%","2,37%",959,"0,92%","1,27%",Nuance candidat 6,REG
81,Tarn,81001,1ère circonscription,85344,60773,"71,21%",24571,"28,79%",58776,"68,87%","96,71%",1314,"1,54%","2,16%",683,"0,80%","1,12%",Nom candidat 6,ROUQUETTE
81,Tarn,81002,2ème circonscription,110310,79089,"71,70%",31221,"28,30%",76040,"68,93%","96,14%",2034,"1,84%","2,57%",1015,"0,92%","1,28%",Nom candidat 6,BACOU
81,Tarn,81003,3ème circonscription,104780,75723,"72,27%",29057,"27,73%",72970,"69,64%","96,36%",1794,"1,71%","2,37%",959,"0,92%","1,27%",Nom candidat 6,DAUGÉ
81,Tarn,81001,1ère circonscription,85344,60773,"71,21%",24571,"28,79%",58776,"68,87%","96,71%",1314,"1,54%","2,16%",683,"0,80%","1,12%",Prénom candidat 6,Denis
81,Tarn,81002,2ème circonscription,110310,79089,"71,70%",31221,"28,30%",76040,"68,93%","96,14%",2034,"1,84%","2,57%",1015,"0,92%","1,28%",Prénom candidat 6,Julien
81,Tarn,81003,3ème circonscription,104780,75723,"72,27%",29057,"27,73%",72970,"69,64%","96,36%",1794,"1,71%","2,37%",959,"0,92%","1,27%",Prénom candidat 6,Claire
81,Tarn,81001,1ère circonscription,85344,60773,"71,21%",24571,"28,79%",58776,"68,87%","96,71%",1314,"1,54%","2,16%",683,"0,80%","1,12%",Sexe candidat 6,MASCULIN
81,Tarn,81002,2ème circonscription,110310,79089,"71,70%",31221,"28,30%",76040,"68,93%","96,14%",2034,"1,84%","2,57%",1015,"0,92%","1,28%",Sexe candidat 6,MASCULIN
81,Tarn,81003,3ème circonscription,104780,75723,"72,27%",29057,"27,73%",72970,"69,64%","96,36%",1794,"1,71%","2,37%",959,"0,92%","1,27%",Sexe candidat 6,FEMININ
81,Tarn,81001,1ère circonscription,85344,60773,"71,21%",24571,"28,79%",58776,"68,87%","96,71%",1314,"1,54%","2,16%",683,"0,80%","1,12%",Voix 6,769.0
81,Tarn,81002,2ème circonscription,110310,79089,"71,70%",31221,"28,30%",76040,"68,93%","96,14%",2034,"1,84%","2,57%",1015,"0,92%","1,28%",Voix 6,28850.0
81,Tarn,81003,3ème circonscription,104780,75723,"72,27%",29057,"27,73%",72970,"69,64%","96,36%",1794,"1,71%","2,37%",959,"0,92%","1,27%",Voix 6,965.0
81,Tarn,81001,1ère circonscription,85344,60773,"71,21%",24571,"28,79%",58776,"68,87%","96,71%",1314,"1,54%","2,16%",683,"0,80%","1,12%",% Voix/inscrits 6,"0,90%"
81,Tarn,81002,2ème circonscription,110310,79089,"71,70%",31221,"28,30%",76040,"68,93%","96,14%",2034,"1,84%","2,57%",1015,"0,92%","1,28%",% Voix/inscrits 6,"26,15%"
81,Tarn,81003,3ème circonscription,104780,75723,"72,27%",29057,"27,73%",72970,"69,64%","96,36%",1794,"1,71%","2,37%",959,"0,92%","1,27%",% Voix/inscrits 6,"0,92%"
81,Tarn,81001,1ère circonscription,85344,60773,"71,21%",24571,"28,79%",58776,"68,87%","96,71%",1314,"1,54%","2,16%",683,"0,80%","1,12%",% Voix/exprimés 6,"1,31%"
81,Tarn,81002,2ème circonscription,110310,79089,"71,70%",31221,"28,30%",76040,"68,93%","96,14%",2034,"1,84%","2,57%",1015,"0,92%","1,28%",% Voix/exprimés 6,"37,94%"
81,Tarn,81003,3ème circonscription,104780,75723,"72,27%",29057,"27,73%",72970,"69,64%","96,36%",1794,"1,71%","2,37%",959,"0,92%","1,27%",% Voix/exprimés 6,"1,32%"
81,Tarn,81001,1ère circonscription,85344,60773,"71,21%",24571,"28,79%",58776,"68,87%","96,71%",1314,"1,54%","2,16%",683,"0,80%","1,12%",Elu 6,
81,Tarn,81002,2ème circonscription,110310,79089,"71,70%",31221,"28,30%",76040,"68,93%","96,14%",2034,"1,84%","2,57%",1015,"0,92%","1,28%",Elu 6,
81,Tarn,81003,3ème circonscription,104780,75723,"72,27%",29057,"27,73%",72970,"69,64%","96,36%",1794,"1,71%","2,37%",959,"0,92%","1,27%",Elu 6,
81,Tarn,81001,1ère circonscription,85344,60773,"71,21%",24571,"28,79%",58776,"68,87%","96,71%",1314,"1,54%","2,16%",683,"0,80%","1,12%",Numéro de panneau 7,
81,Tarn,81002,2ème circonscription,110310,79089,"71,70%",31221,"28,30%",76040,"68,93%","96,14%",2034,"1,84%","2,57%",1015,"0,92%","1,28%",Numéro de panneau 7,7.0
81,Tarn,81003,3ème circonscription,104780,75723,"72,27%",29057,"27,73%",72970,"69,64%","96,36%",1794,"1,71%","2,37%",959,"0,92%","1,27%",Numéro de panneau 7,
81,Tarn,81001,1ère circonscription,85344,60773,"71,21%",24571,"28,79%",58776,"68,87%","96,71%",1314,"1,54%","2,16%",683,"0,80%","1,12%",Nuance candidat 7,
81,Tarn,81002,2ème circonscription,110310,79089,"71,70%",31221,"28,30%",76040,"68,93%","96,14%",2034,"1,84%","2,57%",1015,"0,92%","1,28%",Nuance candidat 7,LR
81,Tarn,81003,3ème circonscription,104780,75723,"72,27%",29057,"27,73%",72970,"69,64%","96,36%",1794,"1,71%","2,37%",959,"0,92%","1,27%",Nuance candidat 7,
81,Tarn,81001,1ère circonscription,85344,60773,"71,21%",24571,"28,79%",58776,"68,87%","96,71%",1314,"1,54%","2,16%",683,"0,80%","1,12%",Nom candidat 7,
81,Tarn,81002,2ème circonscription,110310,79089,"71,70%",31221,"28,30%",76040,"68,93%","96,14%",2034,"1,84%","2,57%",1015,"0,92%","1,28%",Nom candidat 7,BAH
81,Tarn,81003,3ème circonscription,104780,75723,"72,27%",29057,"27,73%",72970,"69,64%","96,36%",1794,"1,71%","2,37%",959,"0,92%","1,27%",Nom candidat 7,
81,Tarn,81001,1ère circonscription,85344,60773,"71,21%",24571,"28,79%",58776,"68,87%","96,71%",1314,"1,54%","2,16%",683,"0,80%","1,12%",Prénom candidat 7,
81,Tarn,81002,2ème circonscription,110310,79089,"71,70%",31221,"28,30%",76040,"68,93%","96,14%",2034,"1,84%","2,57%",1015,"0,92%","1,28%",Prénom candidat 7,Thierno
81,Tarn,81003,3ème circonscription,104780,75723,"72,27%",29057,"27,73%",72970,"69,64%","96,36%",1794,"1,71%","2,37%",959,"0,92%","1,27%",Prénom candidat 7,
81,Tarn,81001,1ère circonscription,85344,60773,"71,21%",24571,"28,79%",58776,"68,87%","96,71%",1314,"1,54%","2,16%",683,"0,80%","1,12%",Sexe candidat 7,
81,Tarn,81002,2ème circonscription,110310,79089,"71,70%",31221,"28,30%",76040,"68,93%","96,14%",2034,"1,84%","2,57%",1015,"0,92%","1,28%",Sexe candidat 7,MASCULIN
81,Tarn,81003,3ème circonscription,104780,75723,"72,27%",29057,"27,73%",72970,"69,64%","96,36%",1794,"1,71%","2,37%",959,"0,92%","1,27%",Sexe candidat 7,
81,Tarn,81001,1ère circonscription,85344,60773,"71,21%",24571,"28,79%",58776,"68,87%","96,71%",1314,"1,54%","2,16%",683,"0,80%","1,12%",Voix 7,
81,Tarn,81002,2ème circonscription,110310,79089,"71,70%",31221,"28,30%",76040,"68,93%","96,14%",2034,"1,84%","2,57%",1015,"0,92%","1,28%",Voix 7,4082.0
81,Tarn,81003,3ème circonscription,104780,75723,"72,27%",29057,"27,73%",72970,"69,64%","96,36%",1794,"1,71%","2,37%",959,"0,92%","1,27%",Voix 7,
81,Tarn,81001,1ère circonscription,85344,60773,"71,21%",24571,"28,79%",58776,"68,87%","96,71%",1314,"1,54%","2,16%",683,"0,80%","1,12%",% Voix/inscrits 7,
81,Tarn,81002,2ème circonscription,110310,79089,"71,70%",31221,"28,30%",76040,"68,93%","96,14%",2034,"1,84%","2,57%",1015,"0,92%","1,28%",% Voix/inscrits 7,"3,70%"
81,Tarn,81003,3ème circonscription,104780,75723,"72,27%",29057,"27,73%",72970,"69,64%","96,36%",1794,"1,71%","2,37%",959,"0,92%","1,27%",% Voix/inscrits 7,
81,Tarn,81001,1ère circonscription,85344,60773,"71,21%",24571,"28,79%",58776,"68,87%","96,71%",1314,"1,54%","2,16%",683,"0,80%","1,12%",% Voix/exprimés 7,
81,Tarn,81002,2ème circonscription,110310,79089,"71,70%",31221,"28,30%",76040,"68,93%","96,14%",2034,"1,84%","2,57%",1015,"0,92%","1,28%",% Voix/exprimés 7,"5,37%"
81,Tarn,81003,3ème circonscription,104780,75723,"72,27%",29057,"27,73%",72970,"69,64%","96,36%",1794,"1,71%","2,37%",959,"0,92%","1,27%",% Voix/exprimés 7,
81,Tarn,81001,1ère circonscription,85344,60773,"71,21%",24571,"28,79%",58776,"68,87%","96,71%",1314,"1,54%","2,16%",683,"0,80%","1,12%",Elu 7,
81,Tarn,81002,2ème circonscription,110310,79089,"71,70%",31221,"28,30%",76040,"68,93%","96,14%",2034,"1,84%","2,57%",1015,"0,92%","1,28%",Elu 7,
81,Tarn,81003,3ème circonscription,104780,75723,"72,27%",29057,"27,73%",72970,"69,64%","96,36%",1794,"1,71%","2,37%",959,"0,92%","1,27%",Elu 7,
81,Tarn,81001,1ère circonscription,85344,60773,"71,21%",24571,"28,79%",58776,"68,87%","96,71%",1314,"1,54%","2,16%",683,"0,80%","1,12%",Numéro de panneau 8,
81,Tarn,81002,2ème circonscription,110310,79089,"71,70%",31221,"28,30%",76040,"68,93%","96,14%",2034,"1,84%","2,57%",1015,"0,92%","1,28%",Numéro de panneau 8,
81,Tarn,81003,3ème circonscription,104780,75723,"72,27%",29057,"27,73%",72970,"69,64%","96,36%",1794,"1,71%","2,37%",959,"0,92%","1,27%",Numéro de panneau 8,
81,Tarn,81001,1ère circonscription,85344,60773,"71,21%",24571,"28,79%",58776,"68,87%","96,71%",1314,"1,54%","2,16%",683,"0,80%","1,12%",Nuance candidat 8,
81,Tarn,81002,2ème circonscription,110310,79089,"71,70%",31221,"28,30%",76040,"68,93%","96,14%",2034,"1,84%","2,57%",1015,"0,92%","1,28%",Nuance candidat 8,
81,Tarn,81003,3ème circonscription,104780,75723,"72,27%",29057,"27,73%",72970,"69,64%","96,36%",1794,"1,71%","2,37%",959,"0,92%","1,27%",Nuance candidat 8,
81,Tarn,81001,1ère circonscription,85344,60773,"71,21%",24571,"28,79%",58776,"68,87%","96,71%",1314,"1,54%","2,16%",683,"0,80%","1,12%",Nom candidat 8,
81,Tarn,81002,2ème circonscription,110310,79089,"71,70%",31221,"28,30%",76040,"68,93%","96,14%",2034,"1,84%","2,57%",1015,"0,92%","1,28%",Nom candidat 8,
81,Tarn,81003,3ème circonscription,104780,75723,"72,27%",29057,"27,73%",72970,"69,64%","96,36%",1794,"1,71%","2,37%",959,"0,92%","1,27%",Nom candidat 8,
81,Tarn,81001,1ère circonscription,85344,60773,"71,21%",24571,"28,79%",58776,"68,87%","96,71%",1314,"1,54%","2,16%",683,"0,80%","1,12%",Prénom candidat 8,
81,Tarn,81002,2ème circonscription,110310,79089,"71,70%",31221,"28,30%",76040,"68,93%","96,14%",2034,"1,84%","2,57%",1015,"0,92%","1,28%",Prénom candidat 8,
81,Tarn,81003,3ème circonscription,104780,75723,"72,27%",29057,"27,73%",72970,"69,64%","96,36%",1794,"1,71%","2,37%",959,"0,92%","1,27%",Prénom candidat 8,
81,Tarn,81001,1ère circonscription,85344,60773,"71,21%",24571,"28,79%",58776,"68,87%","96,71%",1314,"1,54%","2,16%",683,"0,80%","1,12%",Sexe candidat 8,
81,Tarn,81002,2ème circonscription,110310,79089,"71,70%",31221,"28,30%",76040,"68,93%","96,14%",2034,"1,84%","2,57%",1015,"0,92%","1,28%",Sexe candidat 8,
81,Tarn,81003,3ème circonscription,104780,75723,"72,27%",29057,"27,73%",72970,"69,64%","96,36%",1794,"1,71%","2,37%",959,"0,92%","1,27%",Sexe candidat 8,
81,Tarn,81001,1ère circonscription,85344,60773,"71,21%",24571,"28,79%",58776,"68,87%","96,71%",1314,"1,54%","2,16%",683,"0,80%","1,12%",Voix 8,
81,Tarn,81002,2ème circonscription,110310,79089,"71,70%",31221,"28,30%",76040,"68,93%","96,14%",2034,"1,84%","2,57%",1015,"0,92%","1,28%",Voix 8,
81,Tarn,81003,3ème circonscription,104780,75723,"72,27%",29057,"27,73%",72970,"69,64%","96,36%",1794,"1,71%","2,37%",959,"0,92%","1,27%",Voix 8,
81,Tarn,81001,1ère circonscription,85344,60773,"71,21%",24571,"28,79%",58776,"68,87%","96,71%",1314,"1,54%","2,16%",683,"0,80%","1,12%",% Voix/inscrits 8,
81,Tarn,81002,2ème circonscription,110310,79089,"71,70%",31221,"28,30%",76040,"68,93%","96,14%",2034,"1,84%","2,57%",1015,"0,92%","1,28%",% Voix/inscrits 8,
81,Tarn,81003,3ème circonscription,104780,75723,"72,27%",29057,"27,73%",72970,"69,64%","96,36%",1794,"1,71%","2,37%",959,"0,92%","1,27%",% Voix/inscrits 8,
81,Tarn,81001,1ère circonscription,85344,60773,"71,21%",24571,"28,79%",58776,"68,87%","96,71%",1314,"1,54%","2,16%",683,"0,80%","1,12%",% Voix/exprimés 8,
81,Tarn,81002,2ème circonscription,110310,79089,"71,70%",31221,"28,30%",76040,"68,93%","96,14%",2034,"1,84%","2,57%",1015,"0,92%","1,28%",% Voix/exprimés 8,
81,Tarn,81003,3ème circonscription,104780,75723,"72,27%",29057,"27,73%",72970,"69,64%","96,36%",1794,"1,71%","2,37%",959,"0,92%","1,27%",% Voix/exprimés 8,
81,Tarn,81001,1ère circonscription,85344,60773,"71,21%",24571,"28,79%",58776,"68,87%","96,71%",1314,"1,54%","2,16%",683,"0,80%","1,12%",Elu 8,
81,Tarn,81002,2ème circonscription,110310,79089,"71,70%",31221,"28,30%",76040,"68,93%","96,14%",2034,"1,84%","2,57%",1015,"0,92%","1,28%",Elu 8,
81,Tarn,81003,3ème circonscription,104780,75723,"72,27%",29057,"27,73%",72970,"69,64%","96,36%",1794,"1,71%","2,37%",959,"0,92%","1,27%",Elu 8,
81,Tarn,81001,1ère circonscription,85344,60773,"71,21%",24571,"28,79%",58776,"68,87%","96,71%",1314,"1,54%","2,16%",683,"0,80%","1,12%",Numéro de panneau 9,
81,Tarn,81002,2ème circonscription,110310,79089,"71,70%",31221,"28,30%",76040,"68,93%","96,14%",2034,"1,84%","2,57%",1015,"0,92%","1,28%",Numéro de panneau 9,
81,Tarn,81003,3ème circonscription,104780,75723,"72,27%",29057,"27,73%",72970,"69,64%","96,36%",1794,"1,71%","2,37%",959,"0,92%","1,27%",Numéro de panneau 9,
81,Tarn,81001,1ère circonscription,85344,60773,"71,21%",24571,"28,79%",58776,"68,87%","96,71%",1314,"1,54%","2,16%",683,"0,80%","1,12%",Nuance candidat 9,
81,Tarn,81002,2ème circonscription,110310,79089,"71,70%",31221,"28,30%",76040,"68,93%","96,14%",2034,"1,84%","2,57%",1015,"0,92%","1,28%",Nuance candidat 9,
81,Tarn,81003,3ème circonscription,104780,75723,"72,27%",29057,"27,73%",72970,"69,64%","96,36%",1794,"1,71%","2,37%",959,"0,92%","1,27%",Nuance candidat 9,
81,Tarn,81001,1ère circonscription,85344,60773,"71,21%",24571,"28,79%",58776,"68,87%","96,71%",1314,"1,54%","2,16%",683,"0,80%","1,12%",Nom candidat 9,
81,Tarn,81002,2ème circonscription,110310,79089,"71,70%",31221,"28,30%",76040,"68,93%","96,14%",2034,"1,84%","2,57%",1015,"0,92%","1,28%",Nom candidat 9,
81,Tarn,81003,3ème circonscription,104780,75723,"72,27%",29057,"27,73%",72970,"69,64%","96,36%",1794,"1,71%","2,37%",959,"0,92%","1,27%",Nom candidat 9,
81,Tarn,81001,1ère circonscription,85344,60773,"71,21%",24571,"28,79%",58776,"68,87%","96,71%",1314,"1,54%","2,16%",683,"0,80%","1,12%",Prénom candidat 9,
81,Tarn,81002,2ème circonscription,110310,79089,"71,70%",31221,"28,30%",76040,"68,93%","96,14%",2034,"1,84%","2,57%",1015,"0,92%","1,28%",Prénom candidat 9,
81,Tarn,81003,3ème circonscription,104780,75723,"72,27%",29057,"27,73%",72970,"69,64%","96,36%",1794,"1,71%","2,37%",959,"0,92%","1,27%",Prénom candidat 9,
81,Tarn,81001,1ère circonscription,85344,60773,"71,21%",24571,"28,79%",58776,"68,87%","96,71%",1314,"1,54%","2,16%",683,"0,80%","1,12%",Sexe candidat 9,
81,Tarn,81002,2ème circonscription,110310,79089,"71,70%",31221,"28,30%",76040,"68,93%","96,14%",2034,"1,84%","2,57%",1015,"0,92%","1,28%",Sexe candidat 9,
81,Tarn,81003,3ème circonscription,104780,75723,"72,27%",29057,"27,73%",72970,"69,64%","96,36%",1794,"1,71%","2,37%",959,"0,92%","1,27%",Sexe candidat 9,
81,Tarn,81001,1ère circonscription,85344,60773,"71,21%",24571,"28,79%",58776,"68,87%","96,71%",1314,"1,54%","2,16%",683,"0,80%","1,12%",Voix 9,
81,Tarn,81002,2ème circonscription,110310,79089,"71,70%",31221,"28,30%",76040,"68,93%","96,14%",2034,"1,84%","2,57%",1015,"0,92%","1,28%",Voix 9,
81,Tarn,81003,3ème circonscription,104780,75723,"72,27%",29057,"27,73%",72970,"69,64%","96,36%",1794,"1,71%","2,37%",959,"0,92%","1,27%",Voix 9,
81,Tarn,81001,1ère circonscription,85344,60773,"71,21%",24571,"28,79%",58776,"68,87%","96,71%",1314,"1,54%","2,16%",683,"0,80%","1,12%",% Voix/inscrits 9,
81,Tarn,81002,2ème circonscription,110310,79089,"71,70%",31221,"28,30%",76040,"68,93%","96,14%",2034,"1,84%","2,57%",1015,"0,92%","1,28%",% Voix/inscrits 9,
81,Tarn,81003,3ème circonscription,104780,75723,"72,27%",29057,"27,73%",72970,"69,64%","96,36%",1794,"1,71%","2,37%",959,"0,92%","1,27%",% Voix/inscrits 9,
81,Tarn,81001,1ère circonscription,85344,60773,"71,21%",24571,"28,79%",58776,"68,87%","96,71%",1314,"1,54%","2,16%",683,"0,80%","1,12%",% Voix/exprimés 9,
81,Tarn,81002,2ème circonscription,110310,79089,"71,70%",31221,"28,30%",76040,"68,93%","96,14%",2034,"1,84%","2,57%",1015,"0,92%","1,28%",% Voix/exprimés 9,
81,Tarn,81003,3ème circonscription,104780,75723,"72,27%",29057,"27,73%",72970,"69,64%","96,36%",1794,"1,71%","2,37%",959,"0,92%","1,27%",% Voix/exprimés 9,
81,Tarn,81001,1ère circonscription,85344,60773,"71,21%",24571,"28,79%",58776,"68,87%","96,71%",1314,"1,54%","2,16%",683,"0,80%","1,12%",Elu 9,
81,Tarn,81002,2ème circonscription,110310,79089,"71,70%",31221,"28,30%",76040,"68,93%","96,14%",2034,"1,84%","2,57%",1015,"0,92%","1,28%",Elu 9,
81,Tarn,81003,3ème circonscription,104780,75723,"72,27%",29057,"27,73%",72970,"69,64%","96,36%",1794,"1,71%","2,37%",959,"0,92%","1,27%",Elu 9,
81,Tarn,81001,1ère circonscription,85344,60773,"71,21%",24571,"28,79%",58776,"68,87%","96,71%",1314,"1,54%","2,16%",683,"0,80%","1,12%",Numéro de panneau 10,
81,Tarn,81002,2ème circonscription,110310,79089,"71,70%",31221,"28,30%",76040,"68,93%","96,14%",2034,"1,84%","2,57%",1015,"0,92%","1,28%",Numéro de panneau 10,
81,Tarn,81003,3ème circonscription,104780,75723,"72,27%",29057,"27,73%",72970,"69,64%","96,36%",1794,"1,71%","2,37%",959,"0,92%","1,27%",Numéro de panneau 10,
81,Tarn,81001,1ère circonscription,85344,60773,"71,21%",24571,"28,79%",58776,"68,87%","96,71%",1314,"1,54%","2,16%",683,"0,80%","1,12%",Nuance candidat 10,
81,Tarn,81002,2ème circonscription,110310,79089,"71,70%",31221,"28,30%",76040,"68,93%","96,14%",2034,"1,84%","2,57%",1015,"0,92%","1,28%",Nuance candidat 10,
81,Tarn,81003,3ème circonscription,104780,75723,"72,27%",29057,"27,73%",72970,"69,64%","96,36%",1794,"1,71%","2,37%",959,"0,92%","1,27%",Nuance candidat 10,
81,Tarn,81001,1ère circonscription,85344,60773,"71,21%",24571,"28,79%",58776,"68,87%","96,71%",1314,"1,54%","2,16%",683,"0,80%","1,12%",Nom candidat 10,
81,Tarn,81002,2ème circonscription,110310,79089,"71,70%",31221,"28,30%",76040,"68,93%","96,14%",2034,"1,84%","2,57%",1015,"0,92%","1,28%",Nom candidat 10,
81,Tarn,81003,3ème circonscription,104780,75723,"72,27%",29057,"27,73%",72970,"69,64%","96,36%",1794,"1,71%","2,37%",959,"0,92%","1,27%",Nom candidat 10,
81,Tarn,81001,1ère circonscription,85344,60773,"71,21%",24571,"28,79%",58776,"68,87%","96,71%",1314,"1,54%","2,16%",683,"0,80%","1,12%",Prénom candidat 10,
81,Tarn,81002,2ème circonscription,110310,79089,"71,70%",31221,"28,30%",76040,"68,93%","96,14%",2034,"1,84%","2,57%",1015,"0,92%","1,28%",Prénom candidat 10,
81,Tarn,81003,3ème circonscription,104780,75723,"72,27%",29057,"27,73%",72970,"69,64%","96,36%",1794,"1,71%","2,37%",959,"0,92%","1,27%",Prénom candidat 10,
81,Tarn,81001,1ère circonscription,85344,60773,"71,21%",24571,"28,79%",58776,"68,87%","96,71%",1314,"1,54%","2,16%",683,"0,80%","1,12%",Sexe candidat 10,
81,Tarn,81002,2ème circonscription,110310,79089,"71,70%",31221,"28,30%",76040,"68,93%","96,14%",2034,"1,84%","2,57%",1015,"0,92%","1,28%",Sexe candidat 10,
81,Tarn,81003,3ème circonscription,104780,75723,"72,27%",29057,"27,73%",72970,"69,64%","96,36%",1794,"1,71%","2,37%",959,"0,92%","1,27%",Sexe candidat 10,
81,Tarn,81001,1ère circonscription,85344,60773,"71,21%",24571,"28,79%",58776,"68,87%","96,71%",1314,"1,54%","2,16%",683,"0,80%","1,12%",Voix 10,
81,Tarn,81002,2ème circonscription,110310,79089,"71,70%",31221,"28,30%",76040,"68,93%","96,14%",2034,"1,84%","2,57%",1015,"0,92%","1,28%",Voix 10,
81,Tarn,81003,3ème circonscription,104780,75723,"72,27%",29057,"27,73%",72970,"69,64%","96,36%",1794,"1,71%","2,37%",959,"0,92%","1,27%",Voix 10,
81,Tarn,81001,1ère circonscription,85344,60773,"71,21%",24571,"28,79%",58776,"68,87%","96,71%",1314,"1,54%","2,16%",683,"0,80%","1,12%",% Voix/inscrits 10,
81,Tarn,81002,2ème circonscription,110310,79089,"71,70%",31221,"28,30%",76040,"68,93%","96,14%",2034,"1,84%","2,57%",1015,"0,92%","1,28%",% Voix/inscrits 10,
81,Tarn,81003,3ème circonscription,104780,75723,"72,27%",29057,"27,73%",72970,"69,64%","96,36%",1794,"1,71%","2,37%",959,"0,92%","1,27%",% Voix/inscrits 10,
81,Tarn,81001,1ère circonscription,85344,60773,"71,21%",24571,"28,79%",58776,"68,87%","96,71%",1314,"1,54%","2,16%",683,"0,80%","1,12%",% Voix/exprimés 10,
81,Tarn,81002,2ème circonscription,110310,79089,"71,70%",31221,"28,30%",76040,"68,93%","96,14%",2034,"1,84%","2,57%",1015,"0,92%","1,28%",% Voix/exprimés 10,
81,Tarn,81003,3ème circonscription,104780,75723,"72,27%",29057,"27,73%",72970,"69,64%","96,36%",1794,"1,71%","2,37%",959,"0,92%","1,27%",% Voix/exprimés 10,
81,Tarn,81001,1ère circonscription,85344,60773,"71,21%",24571,"28,79%",58776,"68,87%","96,71%",1314,"1,54%","2,16%",683,"0,80%","1,12%",Elu 10,
81,Tarn,81002,2ème circonscription,110310,79089,"71,70%",31221,"28,30%",76040,"68,93%","96,14%",2034,"1,84%","2,57%",1015,"0,92%","1,28%",Elu 10,
81,Tarn,81003,3ème circonscription,104780,75723,"72,27%",29057,"27,73%",72970,"69,64%","96,36%",1794,"1,71%","2,37%",959,"0,92%","1,27%",Elu 10,
81,Tarn,81001,1ère circonscription,85344,60773,"71,21%",24571,"28,79%",58776,"68,87%","96,71%",1314,"1,54%","2,16%",683,"0,80%","1,12%",Numéro de panneau 11,
81,Tarn,81002,2ème circonscription,110310,79089,"71,70%",31221,"28,30%",76040,"68,93%","96,14%",2034,"1,84%","2,57%",1015,"0,92%","1,28%",Numéro de panneau 11,
81,Tarn,81003,3ème circonscription,104780,75723,"72,27%",29057,"27,73%",72970,"69,64%","96,36%",1794,"1,71%","2,37%",959,"0,92%","1,27%",Numéro de panneau 11,
81,Tarn,81001,1ère circonscription,85344,60773,"71,21%",24571,"28,79%",58776,"68,87%","96,71%",1314,"1,54%","2,16%",683,"0,80%","1,12%",Nuance candidat 11,
81,Tarn,81002,2ème circonscription,110310,79089,"71,70%",31221,"28,30%",76040,"68,93%","96,14%",2034,"1,84%","2,57%",1015,"0,92%","1,28%",Nuance candidat 11,
81,Tarn,81003,3ème circonscription,104780,75723,"72,27%",29057,"27,73%",72970,"69,64%","96,36%",1794,"1,71%","2,37%",959,"0,92%","1,27%",Nuance candidat 11,
81,Tarn,81001,1ère circonscription,85344,60773,"71,21%",24571,"28,79%",58776,"68,87%","96,71%",1314,"1,54%","2,16%",683,"0,80%","1,12%",Nom candidat 11,
81,Tarn,81002,2ème circonscription,110310,79089,"71,70%",31221,"28,30%",76040,"68,93%","96,14%",2034,"1,84%","2,57%",1015,"0,92%","1,28%",Nom candidat 11,
81,Tarn,81003,3ème circonscription,104780,75723,"72,27%",29057,"27,73%",72970,"69,64%","96,36%",1794,"1,71%","2,37%",959,"0,92%","1,27%",Nom candidat 11,
81,Tarn,81001,1ère circonscription,85344,60773,"71,21%",24571,"28,79%",58776,"68,87%","96,71%",1314,"1,54%","2,16%",683,"0,80%","1,12%",Prénom candidat 11,
81,Tarn,81002,2ème circonscription,110310,79089,"71,70%",31221,"28,30%",76040,"68,93%","96,14%",2034,"1,84%","2,57%",1015,"0,92%","1,28%",Prénom candidat 11,
81,Tarn,81003,3ème circonscription,104780,75723,"72,27%",29057,"27,73%",72970,"69,64%","96,36%",1794,"1,71%","2,37%",959,"0,92%","1,27%",Prénom candidat 11,
81,Tarn,81001,1ère circonscription,85344,60773,"71,21%",24571,"28,79%",58776,"68,87%","96,71%",1314,"1,54%","2,16%",683,"0,80%","1,12%",Sexe candidat 11,
81,Tarn,81002,2ème circonscription,110310,79089,"71,70%",31221,"28,30%",76040,"68,93%","96,14%",2034,"1,84%","2,57%",1015,"0,92%","1,28%",Sexe candidat 11,
81,Tarn,81003,3ème circonscription,104780,75723,"72,27%",29057,"27,73%",72970,"69,64%","96,36%",1794,"1,71%","2,37%",959,"0,92%","1,27%",Sexe candidat 11,
81,Tarn,81001,1ère circonscription,85344,60773,"71,21%",24571,"28,79%",58776,"68,87%","96,71%",1314,"1,54%","2,16%",683,"0,80%","1,12%",Voix 11,
81,Tarn,81002,2ème circonscription,110310,79089,"71,70%",31221,"28,30%",76040,"68,93%","96,14%",2034,"1,84%","2,57%",1015,"0,92%","1,28%",Voix 11,
81,Tarn,81003,3ème circonscription,104780,75723,"72,27%",29057,"27,73%",72970,"69,64%","96,36%",1794,"1,71%","2,37%",959,"0,92%","1,27%",Voix 11,
81,Tarn,81001,1ère circonscription,85344,60773,"71,21%",24571,"28,79%",58776,"68,87%","96,71%",1314,"1,54%","2,16%",683,"0,80%","1,12%",% Voix/inscrits 11,
81,Tarn,81002,2ème circonscription,110310,79089,"71,70%",31221,"28,30%",76040,"68,93%","96,14%",2034,"1,84%","2,57%",1015,"0,92%","1,28%",% Voix/inscrits 11,
81,Tarn,81003,3ème circonscription,104780,75723,"72,27%",29057,"27,73%",72970,"69,64%","96,36%",1794,"1,71%","2,37%",959,"0,92%","1,27%",% Voix/inscrits 11,
81,Tarn,81001,1ère circonscription,85344,60773,"71,21%",24571,"28,79%",58776,"68,87%","96,71%",1314,"1,54%","2,16%",683,"0,80%","1,12%",% Voix/exprimés 11,
81,Tarn,81002,2ème circonscription,110310,79089,"71,70%",31221,"28,30%",76040,"68,93%","96,14%",2034,"1,84%","2,57%",1015,"0,92%","1,28%",% Voix/exprimés 11,
81,Tarn,81003,3ème circonscription,104780,75723,"72,27%",29057,"27,73%",72970,"69,64%","96,36%",1794,"1,71%","2,37%",959,"0,92%","1,27%",% Voix/exprimés 11,
81,Tarn,81001,1ère circonscription,85344,60773,"71,21%",24571,"28,79%",58776,"68,87%","96,71%",1314,"1,54%","2,16%",683,"0,80%","1,12%",Elu 11,
81,Tarn,81002,2ème circonscription,110310,79089,"71,70%",31221,"28,30%",76040,"68,93%","96,14%",2034,"1,84%","2,57%",1015,"0,92%","1,28%",Elu 11,
81,Tarn,81003,3ème circonscription,104780,75723,"72,27%",29057,"27,73%",72970,"69,64%","96,36%",1794,"1,71%","2,37%",959,"0,92%","1,27%",Elu 11,
81,Tarn,81001,1ère circonscription,85344,60773,"71,21%",24571,"28,79%",58776,"68,87%","96,71%",1314,"1,54%","2,16%",683,"0,80%","1,12%",Numéro de panneau 12,
81,Tarn,81002,2ème circonscription,110310,79089,"71,70%",31221,"28,30%",76040,"68,93%","96,14%",2034,"1,84%","2,57%",1015,"0,92%","1,28%",Numéro de panneau 12,
81,Tarn,81003,3ème circonscription,104780,75723,"72,27%",29057,"27,73%",72970,"69,64%","96,36%",1794,"1,71%","2,37%",959,"0,92%","1,27%",Numéro de panneau 12,
81,Tarn,81001,1ère circonscription,85344,60773,"71,21%",24571,"28,79%",58776,"68,87%","96,71%",1314,"1,54%","2,16%",683,"0,80%","1,12%",Nuance candidat 12,
81,Tarn,81002,2ème circonscription,110310,79089,"71,70%",31221,"28,30%",76040,"68,93%","96,14%",2034,"1,84%","2,57%",1015,"0,92%","1,28%",Nuance candidat 12,
81,Tarn,81003,3ème circonscription,104780,75723,"72,27%",29057,"27,73%",72970,"69,64%","96,36%",1794,"1,71%","2,37%",959,"0,92%","1,27%",Nuance candidat 12,
81,Tarn,81001,1ère circonscription,85344,60773,"71,21%",24571,"28,79%",58776,"68,87%","96,71%",1314,"1,54%","2,16%",683,"0,80%","1,12%",Nom candidat 12,
81,Tarn,81002,2ème circonscription,110310,79089,"71,70%",31221,"28,30%",76040,"68,93%","96,14%",2034,"1,84%","2,57%",1015,"0,92%","1,28%",Nom candidat 12,
81,Tarn,81003,3ème circonscription,104780,75723,"72,27%",29057,"27,73%",72970,"69,64%","96,36%",1794,"1,71%","2,37%",959,"0,92%","1,27%",Nom candidat 12,
81,Tarn,81001,1ère circonscription,85344,60773,"71,21%",24571,"28,79%",58776,"68,87%","96,71%",1314,"1,54%","2,16%",683,"0,80%","1,12%",Prénom candidat 12,
81,Tarn,81002,2ème circonscription,110310,79089,"71,70%",31221,"28,30%",76040,"68,93%","96,14%",2034,"1,84%","2,57%",1015,"0,92%","1,28%",Prénom candidat 12,
81,Tarn,81003,3ème circonscription,104780,75723,"72,27%",29057,"27,73%",72970,"69,64%","96,36%",1794,"1,71%","2,37%",959,"0,92%","1,27%",Prénom candidat 12,
81,Tarn,81001,1ère circonscription,85344,60773,"71,21%",24571,"28,79%",58776,"68,87%","96,71%",1314,"1,54%","2,16%",683,"0,80%","1,12%",Sexe candidat 12,
81,Tarn,81002,2ème circonscription,110310,79089,"71,70%",31221,"28,30%",76040,"68,93%","96,14%",2034,"1,84%","2,57%",1015,"0,92%","1,28%",Sexe candidat 12,
81,Tarn,81003,3ème circonscription,104780,75723,"72,27%",29057,"27,73%",72970,"69,64%","96,36%",1794,"1,71%","2,37%",959,"0,92%","1,27%",Sexe candidat 12,
81,Tarn,81001,1ère circonscription,85344,60773,"71,21%",24571,"28,79%",58776,"68,87%","96,71%",1314,"1,54%","2,16%",683,"0,80%","1,12%",Voix 12,
81,Tarn,81002,2ème circonscription,110310,79089,"71,70%",31221,"28,30%",76040,"68,93%","96,14%",2034,"1,84%","2,57%",1015,"0,92%","1,28%",Voix 12,
81,Tarn,81003,3ème circonscription,104780,75723,"72,27%",29057,"27,73%",72970,"69,64%","96,36%",1794,"1,71%","2,37%",959,"0,92%","1,27%",Voix 12,
81,Tarn,81001,1ère circonscription,85344,60773,"71,21%",24571,"28,79%",58776,"68,87%","96,71%",1314,"1,54%","2,16%",683,"0,80%","1,12%",% Voix/inscrits 12,
81,Tarn,81002,2ème circonscription,110310,79089,"71,70%",31221,"28,30%",76040,"68,93%","96,14%",2034,"1,84%","2,57%",1015,"0,92%","1,28%",% Voix/inscrits 12,
81,Tarn,81003,3ème circonscription,104780,75723,"72,27%",29057,"27,73%",72970,"69,64%","96,36%",1794,"1,71%","2,37%",959,"0,92%","1,27%",% Voix/inscrits 12,
81,Tarn,81001,1ère circonscription,85344,60773,"71,21%",24571,"28,79%",58776,"68,87%","96,71%",1314,"1,54%","2,16%",683,"0,80%","1,12%",% Voix/exprimés 12,
81,Tarn,81002,2ème circonscription,110310,79089,"71,70%",31221,"28,30%",76040,"68,93%","96,14%",2034,"1,84%","2,57%",1015,"0,92%","1,28%",% Voix/exprimés 12,
81,Tarn,81003,3ème circonscription,104780,75723,"72,27%",29057,"27,73%",72970,"69,64%","96,36%",1794,"1,71%","2,37%",959,"0,92%","1,27%",% Voix/exprimés 12,
81,Tarn,81001,1ère circonscription,85344,60773,"71,21%",24571,"28,79%",58776,"68,87%","96,71%",1314,"1,54%","2,16%",683,"0,80%","1,12%",Elu 12,
81,Tarn,81002,2ème circonscription,110310,79089,"71,70%",31221,"28,30%",76040,"68,93%","96,14%",2034,"1,84%","2,57%",1015,"0,92%","1,28%",Elu 12,
81,Tarn,81003,3ème circonscription,104780,75723,"72,27%",29057,"27,73%",72970,"69,64%","96,36%",1794,"1,71%","2,37%",959,"0,92%","1,27%",Elu 12,
81,Tarn,81001,1ère circonscription,85344,60773,"71,21%",24571,"28,79%",58776,"68,87%","96,71%",1314,"1,54%","2,16%",683,"0,80%","1,12%",Numéro de panneau 13,
81,Tarn,81002,2ème circonscription,110310,79089,"71,70%",31221,"28,30%",76040,"68,93%","96,14%",2034,"1,84%","2,57%",1015,"0,92%","1,28%",Numéro de panneau 13,
81,Tarn,81003,3ème circonscription,104780,75723,"72,27%",29057,"27,73%",72970,"69,64%","96,36%",1794,"1,71%","2,37%",959,"0,92%","1,27%",Numéro de panneau 13,
81,Tarn,81001,1ère circonscription,85344,60773,"71,21%",24571,"28,79%",58776,"68,87%","96,71%",1314,"1,54%","2,16%",683,"0,80%","1,12%",Nuance candidat 13,
81,Tarn,81002,2ème circonscription,110310,79089,"71,70%",31221,"28,30%",76040,"68,93%","96,14%",2034,"1,84%","2,57%",1015,"0,92%","1,28%",Nuance candidat 13,
81,Tarn,81003,3ème circonscription,104780,75723,"72,27%",29057,"27,73%",72970,"69,64%","96,36%",1794,"1,71%","2,37%",959,"0,92%","1,27%",Nuance candidat 13,
81,Tarn,81001,1ère circonscription,85344,60773,"71,21%",24571,"28,79%",58776,"68,87%","96,71%",1314,"1,54%","2,16%",683,"0,80%","1,12%",Nom candidat 13,
81,Tarn,81002,2ème circonscription,110310,79089,"71,70%",31221,"28,30%",76040,"68,93%","96,14%",2034,"1,84%","2,57%",1015,"0,92%","1,28%",Nom candidat 13,
81,Tarn,81003,3ème circonscription,104780,75723,"72,27%",29057,"27,73%",72970,"69,64%","96,36%",1794,"1,71%","2,37%",959,"0,92%","1,27%",Nom candidat 13,
81,Tarn,81001,1ère circonscription,85344,60773,"71,21%",24571,"28,79%",58776,"68,87%","96,71%",1314,"1,54%","2,16%",683,"0,80%","1,12%",Prénom candidat 13,
81,Tarn,81002,2ème circonscription,110310,79089,"71,70%",31221,"28,30%",76040,"68,93%","96,14%",2034,"1,84%","2,57%",1015,"0,92%","1,28%",Prénom candidat 13,
81,Tarn,81003,3ème circonscription,104780,75723,"72,27%",29057,"27,73%",72970,"69,64%","96,36%",1794,"1,71%","2,37%",959,"0,92%","1,27%",Prénom candidat 13,
81,Tarn,81001,1ère circonscription,85344,60773,"71,21%",24571,"28,79%",58776,"68,87%","96,71%",1314,"1,54%","2,16%",683,"0,80%","1,12%",Sexe candidat 13,
81,Tarn,81002,2ème circonscription,110310,79089,"71,70%",31221,"28,30%",76040,"68,93%","96,14%",2034,"1,84%","2,57%",1015,"0,92%","1,28%",Sexe candidat 13,
81,Tarn,81003,3ème circonscription,104780,75723,"72,27%",29057,"27,73%",72970,"69,64%","96,36%",1794,"1,71%","2,37%",959,"0,92%","1,27%",Sexe candidat 13,
81,Tarn,81001,1ère circonscription,85344,60773,"71,21%",24571,"28,79%",58776,"68,87%","96,71%",1314,"1,54%","2,16%",683,"0,80%","1,12%",Voix 13,
81,Tarn,81002,2ème circonscription,110310,79089,"71,70%",31221,"28,30%",76040,"68,93%","96,14%",2034,"1,84%","2,57%",1015,"0,92%","1,28%",Voix 13,
81,Tarn,81003,3ème circonscription,104780,75723,"72,27%",29057,"27,73%",72970,"69,64%","96,36%",1794,"1,71%","2,37%",959,"0,92%","1,27%",Voix 13,
81,Tarn,81001,1ère circonscription,85344,60773,"71,21%",24571,"28,79%",58776,"68,87%","96,71%",1314,"1,54%","2,16%",683,"0,80%","1,12%",% Voix/inscrits 13,
81,Tarn,81002,2ème circonscription,110310,79089,"71,70%",31221,"28,30%",76040,"68,93%","96,14%",2034,"1,84%","2,57%",1015,"0,92%","1,28%",% Voix/inscrits 13,
81,Tarn,81003,3ème circonscription,104780,75723,"72,27%",29057,"27,73%",72970,"69,64%","96,36%",1794,"1,71%","2,37%",959,"0,92%","1,27%",% Voix/inscrits 13,
81,Tarn,81001,1ère circonscription,85344,60773,"71,21%",24571,"28,79%",58776,"68,87%","96,71%",1314,"1,54%","2,16%",683,"0,80%","1,12%",% Voix/exprimés 13,
81,Tarn,81002,2ème circonscription,110310,79089,"71,70%",31221,"28,30%",76040,"68,93%","96,14%",2034,"1,84%","2,57%",1015,"0,92%","1,28%",% Voix/exprimés 13,
81,Tarn,81003,3ème circonscription,104780,75723,"72,27%",29057,"27,73%",72970,"69,64%","96,36%",1794,"1,71%","2,37%",959,"0,92%","1,27%",% Voix/exprimés 13,
81,Tarn,81001,1ère circonscription,85344,60773,"71,21%",24571,"28,79%",58776,"68,87%","96,71%",1314,"1,54%","2,16%",683,"0,80%","1,12%",Elu 13,
81,Tarn,81002,2ème circonscription,110310,79089,"71,70%",31221,"28,30%",76040,"68,93%","96,14%",2034,"1,84%","2,57%",1015,"0,92%","1,28%",Elu 13,
81,Tarn,81003,3ème circonscription,104780,75723,"72,27%",29057,"27,73%",72970,"69,64%","96,36%",1794,"1,71%","2,37%",959,"0,92%","1,27%",Elu 13,
81,Tarn,81001,1ère circonscription,85344,60773,"71,21%",24571,"28,79%",58776,"68,87%","96,71%",1314,"1,54%","2,16%",683,"0,80%","1,12%",Numéro de panneau 14,
81,Tarn,81002,2ème circonscription,110310,79089,"71,70%",31221,"28,30%",76040,"68,93%","96,14%",2034,"1,84%","2,57%",1015,"0,92%","1,28%",Numéro de panneau 14,
81,Tarn,81003,3ème circonscription,104780,75723,"72,27%",29057,"27,73%",72970,"69,64%","96,36%",1794,"1,71%","2,37%",959,"0,92%","1,27%",Numéro de panneau 14,
81,Tarn,81001,1ère circonscription,85344,60773,"71,21%",24571,"28,79%",58776,"68,87%","96,71%",1314,"1,54%","2,16%",683,"0,80%","1,12%",Nuance candidat 14,
81,Tarn,81002,2ème circonscription,110310,79089,"71,70%",31221,"28,30%",76040,"68,93%","96,14%",2034,"1,84%","2,57%",1015,"0,92%","1,28%",Nuance candidat 14,
81,Tarn,81003,3ème circonscription,104780,75723,"72,27%",29057,"27,73%",72970,"69,64%","96,36%",1794,"1,71%","2,37%",959,"0,92%","1,27%",Nuance candidat 14,
81,Tarn,81001,1ère circonscription,85344,60773,"71,21%",24571,"28,79%",58776,"68,87%","96,71%",1314,"1,54%","2,16%",683,"0,80%","1,12%",Nom candidat 14,
81,Tarn,81002,2ème circonscription,110310,79089,"71,70%",31221,"28,30%",76040,"68,93%","96,14%",2034,"1,84%","2,57%",1015,"0,92%","1,28%",Nom candidat 14,
81,Tarn,81003,3ème circonscription,104780,75723,"72,27%",29057,"27,73%",72970,"69,64%","96,36%",1794,"1,71%","2,37%",959,"0,92%","1,27%",Nom candidat 14,
81,Tarn,81001,1ère circonscription,85344,60773,"71,21%",24571,"28,79%",58776,"68,87%","96,71%",1314,"1,54%","2,16%",683,"0,80%","1,12%",Prénom candidat 14,
81,Tarn,81002,2ème circonscription,110310,79089,"71,70%",31221,"28,30%",76040,"68,93%","96,14%",2034,"1,84%","2,57%",1015,"0,92%","1,28%",Prénom candidat 14,
81,Tarn,81003,3ème circonscription,104780,75723,"72,27%",29057,"27,73%",72970,"69,64%","96,36%",1794,"1,71%","2,37%",959,"0,92%","1,27%",Prénom candidat 14,
81,Tarn,81001,1ère circonscription,85344,60773,"71,21%",24571,"28,79%",58776,"68,87%","96,71%",1314,"1,54%","2,16%",683,"0,80%","1,12%",Sexe candidat 14,
81,Tarn,81002,2ème circonscription,110310,79089,"71,70%",31221,"28,30%",76040,"68,93%","96,14%",2034,"1,84%","2,57%",1015,"0,92%","1,28%",Sexe candidat 14,
81,Tarn,81003,3ème circonscription,104780,75723,"72,27%",29057,"27,73%",72970,"69,64%","96,36%",1794,"1,71%","2,37%",959,"0,92%","1,27%",Sexe candidat 14,
81,Tarn,81001,1ère circonscription,85344,60773,"71,21%",24571,"28,79%",58776,"68,87%","96,71%",1314,"1,54%","2,16%",683,"0,80%","1,12%",Voix 14,
81,Tarn,81002,2ème circonscription,110310,79089,"71,70%",31221,"28,30%",76040,"68,93%","96,14%",2034,"1,84%","2,57%",1015,"0,92%","1,28%",Voix 14,
81,Tarn,81003,3ème circonscription,104780,75723,"72,27%",29057,"27,73%",72970,"69,64%","96,36%",1794,"1,71%","2,37%",959,"0,92%","1,27%",Voix 14,
81,Tarn,81001,1ère circonscription,85344,60773,"71,21%",24571,"28,79%",58776,"68,87%","96,71%",1314,"1,54%","2,16%",683,"0,80%","1,12%",% Voix/inscrits 14,
81,Tarn,81002,2ème circonscription,110310,79089,"71,70%",31221,"28,30%",76040,"68,93%","96,14%",2034,"1,84%","2,57%",1015,"0,92%","1,28%",% Voix/inscrits 14,
81,Tarn,81003,3ème circonscription,104780,75723,"72,27%",29057,"27,73%",72970,"69,64%","96,36%",1794,"1,71%","2,37%",959,"0,92%","1,27%",% Voix/inscrits 14,
81,Tarn,81001,1ère circonscription,85344,60773,"71,21%",24571,"28,79%",58776,"68,87%","96,71%",1314,"1,54%","2,16%",683,"0,80%","1,12%",% Voix/exprimés 14,
81,Tarn,81002,2ème circonscription,110310,79089,"71,70%",31221,"28,30%",76040,"68,93%","96,14%",2034,"1,84%","2,57%",1015,"0,92%","1,28%",% Voix/exprimés 14,
81,Tarn,81003,3ème circonscription,104780,75723,"72,27%",29057,"27,73%",72970,"69,64%","96,36%",1794,"1,71%","2,37%",959,"0,92%","1,27%",% Voix/exprimés 14,
81,Tarn,81001,1ère circonscription,85344,60773,"71,21%",24571,"28,79%",58776,"68,87%","96,71%",1314,"1,54%","2,16%",683,"0,80%","1,12%",Elu 14,
81,Tarn,81002,2ème circonscription,110310,79089,"71,70%",31221,"28,30%",76040,"68,93%","96,14%",2034,"1,84%","2,57%",1015,"0,92%","1,28%",Elu 14,
81,Tarn,81003,3ème circonscription,104780,75723,"72,27%",29057,"27,73%",72970,"69,64%","96,36%",1794,"1,71%","2,37%",959,"0,92%","1,27%",Elu 14,
81,Tarn,81001,1ère circonscription,85344,60773,"71,21%",24571,"28,79%",58776,"68,87%","96,71%",1314,"1,54%","2,16%",683,"0,80%","1,12%",Numéro de panneau 15,
81,Tarn,81002,2ème circonscription,110310,79089,"71,70%",31221,"28,30%",76040,"68,93%","96,14%",2034,"1,84%","2,57%",1015,"0,92%","1,28%",Numéro de panneau 15,
81,Tarn,81003,3ème circonscription,104780,75723,"72,27%",29057,"27,73%",72970,"69,64%","96,36%",1794,"1,71%","2,37%",959,"0,92%","1,27%",Numéro de panneau 15,
81,Tarn,81001,1ère circonscription,85344,60773,"71,21%",24571,"28,79%",58776,"68,87%","96,71%",1314,"1,54%","2,16%",683,"0,80%","1,12%",Nuance candidat 15,
81,Tarn,81002,2ème circonscription,110310,79089,"71,70%",31221,"28,30%",76040,"68,93%","96,14%",2034,"1,84%","2,57%",1015,"0,92%","1,28%",Nuance candidat 15,
81,Tarn,81003,3ème circonscription,104780,75723,"72,27%",29057,"27,73%",72970,"69,64%","96,36%",1794,"1,71%","2,37%",959,"0,92%","1,27%",Nuance candidat 15,
81,Tarn,81001,1ère circonscription,85344,60773,"71,21%",24571,"28,79%",58776,"68,87%","96,71%",1314,"1,54%","2,16%",683,"0,80%","1,12%",Nom candidat 15,
81,Tarn,81002,2ème circonscription,110310,79089,"71,70%",31221,"28,30%",76040,"68,93%","96,14%",2034,"1,84%","2,57%",1015,"0,92%","1,28%",Nom candidat 15,
81,Tarn,81003,3ème circonscription,104780,75723,"72,27%",29057,"27,73%",72970,"69,64%","96,36%",1794,"1,71%","2,37%",959,"0,92%","1,27%",Nom candidat 15,
81,Tarn,81001,1ère circonscription,85344,60773,"71,21%",24571,"28,79%",58776,"68,87%","96,71%",1314,"1,54%","2,16%",683,"0,80%","1,12%",Prénom candidat 15,
81,Tarn,81002,2ème circonscription,110310,79089,"71,70%",31221,"28,30%",76040,"68,93%","96,14%",2034,"1,84%","2,57%",1015,"0,92%","1,28%",Prénom candidat 15,
81,Tarn,81003,3ème circonscription,104780,75723,"72,27%",29057,"27,73%",72970,"69,64%","96,36%",1794,"1,71%","2,37%",959,"0,92%","1,27%",Prénom candidat 15,
81,Tarn,81001,1ère circonscription,85344,60773,"71,21%",24571,"28,79%",58776,"68,87%","96,71%",1314,"1,54%","2,16%",683,"0,80%","1,12%",Sexe candidat 15,
81,Tarn,81002,2ème circonscription,110310,79089,"71,70%",31221,"28,30%",76040,"68,93%","96,14%",2034,"1,84%","2,57%",1015,"0,92%","1,28%",Sexe candidat 15,
81,Tarn,81003,3ème circonscription,104780,75723,"72,27%",29057,"27,73%",72970,"69,64%","96,36%",1794,"1,71%","2,37%",959,"0,92%","1,27%",Sexe candidat 15,
81,Tarn,81001,1ère circonscription,85344,60773,"71,21%",24571,"28,79%",58776,"68,87%","96,71%",1314,"1,54%","2,16%",683,"0,80%","1,12%",Voix 15,
81,Tarn,81002,2ème circonscription,110310,79089,"71,70%",31221,"28,30%",76040,"68,93%","96,14%",2034,"1,84%","2,57%",1015,"0,92%","1,28%",Voix 15,
81,Tarn,81003,3ème circonscription,104780,75723,"72,27%",29057,"27,73%",72970,"69,64%","96,36%",1794,"1,71%","2,37%",959,"0,92%","1,27%",Voix 15,
81,Tarn,81001,1ère circonscription,85344,60773,"71,21%",24571,"28,79%",58776,"68,87%","96,71%",1314,"1,54%","2,16%",683,"0,80%","1,12%",% Voix/inscrits 15,
81,Tarn,81002,2ème circonscription,110310,79089,"71,70%",31221,"28,30%",76040,"68,93%","96,14%",2034,"1,84%","2,57%",1015,"0,92%","1,28%",% Voix/inscrits 15,
81,Tarn,81003,3ème circonscription,104780,75723,"72,27%",29057,"27,73%",72970,"69,64%","96,36%",1794,"1,71%","2,37%",959,"0,92%","1,27%",% Voix/inscrits 15,
81,Tarn,81001,1ère circonscription,85344,60773,"71,21%",24571,"28,79%",58776,"68,87%","96,71%",1314,"1,54%","2,16%",683,"0,80%","1,12%",% Voix/exprimés 15,
81,Tarn,81002,2ème circonscription,110310,79089,"71,70%",31221,"28,30%",76040,"68,93%","96,14%",2034,"1,84%","2,57%",1015,"0,92%","1,28%",% Voix/exprimés 15,
81,Tarn,81003,3ème circonscription,104780,75723,"72,27%",29057,"27,73%",72970,"69,64%","96,36%",1794,"1,71%","2,37%",959,"0,92%","1,27%",% Voix/exprimés 15,
81,Tarn,81001,1ère circonscription,85344,60773,"71,21%",24571,"28,79%",58776,"68,87%","96,71%",1314,"1,54%","2,16%",683,"0,80%","1,12%",Elu 15,
81,Tarn,81002,2ème circonscription,110310,79089,"71,70%",31221,"28,30%",76040,"68,93%","96,14%",2034,"1,84%","2,57%",1015,"0,92%","1,28%",Elu 15,
81,Tarn,81003,3ème circonscription,104780,75723,"72,27%",29057,"27,73%",72970,"69,64%","96,36%",1794,"1,71%","2,37%",959,"0,92%","1,27%",Elu 15,
81,Tarn,81001,1ère circonscription,85344,60773,"71,21%",24571,"28,79%",58776,"68,87%","96,71%",1314,"1,54%","2,16%",683,"0,80%","1,12%",Numéro de panneau 16,
81,Tarn,81002,2ème circonscription,110310,79089,"71,70%",31221,"28,30%",76040,"68,93%","96,14%",2034,"1,84%","2,57%",1015,"0,92%","1,28%",Numéro de panneau 16,
81,Tarn,81003,3ème circonscription,104780,75723,"72,27%",29057,"27,73%",72970,"69,64%","96,36%",1794,"1,71%","2,37%",959,"0,92%","1,27%",Numéro de panneau 16,
81,Tarn,81001,1ère circonscription,85344,60773,"71,21%",24571,"28,79%",58776,"68,87%","96,71%",1314,"1,54%","2,16%",683,"0,80%","1,12%",Nuance candidat 16,
81,Tarn,81002,2ème circonscription,110310,79089,"71,70%",31221,"28,30%",76040,"68,93%","96,14%",2034,"1,84%","2,57%",1015,"0,92%","1,28%",Nuance candidat 16,
81,Tarn,81003,3ème circonscription,104780,75723,"72,27%",29057,"27,73%",72970,"69,64%","96,36%",1794,"1,71%","2,37%",959,"0,92%","1,27%",Nuance candidat 16,
81,Tarn,81001,1ère circonscription,85344,60773,"71,21%",24571,"28,79%",58776,"68,87%","96,71%",1314,"1,54%","2,16%",683,"0,80%","1,12%",Nom candidat 16,
81,Tarn,81002,2ème circonscription,110310,79089,"71,70%",31221,"28,30%",76040,"68,93%","96,14%",2034,"1,84%","2,57%",1015,"0,92%","1,28%",Nom candidat 16,
81,Tarn,81003,3ème circonscription,104780,75723,"72,27%",29057,"27,73%",72970,"69,64%","96,36%",1794,"1,71%","2,37%",959,"0,92%","1,27%",Nom candidat 16,
81,Tarn,81001,1ère circonscription,85344,60773,"71,21%",24571,"28,79%",58776,"68,87%","96,71%",1314,"1,54%","2,16%",683,"0,80%","1,12%",Prénom candidat 16,
81,Tarn,81002,2ème circonscription,110310,79089,"71,70%",31221,"28,30%",76040,"68,93%","96,14%",2034,"1,84%","2,57%",1015,"0,92%","1,28%",Prénom candidat 16,
81,Tarn,81003,3ème circonscription,104780,75723,"72,27%",29057,"27,73%",72970,"69,64%","96,36%",1794,"1,71%","2,37%",959,"0,92%","1,27%",Prénom candidat 16,
81,Tarn,81001,1ère circonscription,85344,60773,"71,21%",24571,"28,79%",58776,"68,87%","96,71%",1314,"1,54%","2,16%",683,"0,80%","1,12%",Sexe candidat 16,
81,Tarn,81002,2ème circonscription,110310,79089,"71,70%",31221,"28,30%",76040,"68,93%","96,14%",2034,"1,84%","2,57%",1015,"0,92%","1,28%",Sexe candidat 16,
81,Tarn,81003,3ème circonscription,104780,75723,"72,27%",29057,"27,73%",72970,"69,64%","96,36%",1794,"1,71%","2,37%",959,"0,92%","1,27%",Sexe candidat 16,
81,Tarn,81001,1ère circonscription,85344,60773,"71,21%",24571,"28,79%",58776,"68,87%","96,71%",1314,"1,54%","2,16%",683,"0,80%","1,12%",Voix 16,
81,Tarn,81002,2ème circonscription,110310,79089,"71,70%",31221,"28,30%",76040,"68,93%","96,14%",2034,"1,84%","2,57%",1015,"0,92%","1,28%",Voix 16,
81,Tarn,81003,3ème circonscription,104780,75723,"72,27%",29057,"27,73%",72970,"69,64%","96,36%",1794,"1,71%","2,37%",959,"0,92%","1,27%",Voix 16,
81,Tarn,81001,1ère circonscription,85344,60773,"71,21%",24571,"28,79%",58776,"68,87%","96,71%",1314,"1,54%","2,16%",683,"0,80%","1,12%",% Voix/inscrits 16,
81,Tarn,81002,2ème circonscription,110310,79089,"71,70%",31221,"28,30%",76040,"68,93%","96,14%",2034,"1,84%","2,57%",1015,"0,92%","1,28%",% Voix/inscrits 16,
81,Tarn,81003,3ème circonscription,104780,75723,"72,27%",29057,"27,73%",72970,"69,64%","96,36%",1794,"1,71%","2,37%",959,"0,92%","1,27%",% Voix/inscrits 16,
81,Tarn,81001,1ère circonscription,85344,60773,"71,21%",24571,"28,79%",58776,"68,87%","96,71%",1314,"1,54%","2,16%",683,"0,80%","1,12%",% Voix/exprimés 16,
81,Tarn,81002,2ème circonscription,110310,79089,"71,70%",31221,"28,30%",76040,"68,93%","96,14%",2034,"1,84%","2,57%",1015,"0,92%","1,28%",% Voix/exprimés 16,
81,Tarn,81003,3ème circonscription,104780,75723,"72,27%",29057,"27,73%",72970,"69,64%","96,36%",1794,"1,71%","2,37%",959,"0,92%","1,27%",% Voix/exprimés 16,
81,Tarn,81001,1ère circonscription,85344,60773,"71,21%",24571,"28,79%",58776,"68,87%","96,71%",1314,"1,54%","2,16%",683,"0,80%","1,12%",Elu 16,
81,Tarn,81002,2ème circonscription,110310,79089,"71,70%",31221,"28,30%",76040,"68,93%","96,14%",2034,"1,84%","2,57%",1015,"0,92%","1,28%",Elu 16,
81,Tarn,81003,3ème circonscription,104780,75723,"72,27%",29057,"27,73%",72970,"69,64%","96,36%",1794,"1,71%","2,37%",959,"0,92%","1,27%",Elu 16,
81,Tarn,81001,1ère circonscription,85344,60773,"71,21%",24571,"28,79%",58776,"68,87%","96,71%",1314,"1,54%","2,16%",683,"0,80%","1,12%",Numéro de panneau 17,
81,Tarn,81002,2ème circonscription,110310,79089,"71,70%",31221,"28,30%",76040,"68,93%","96,14%",2034,"1,84%","2,57%",1015,"0,92%","1,28%",Numéro de panneau 17,
81,Tarn,81003,3ème circonscription,104780,75723,"72,27%",29057,"27,73%",72970,"69,64%","96,36%",1794,"1,71%","2,37%",959,"0,92%","1,27%",Numéro de panneau 17,
81,Tarn,81001,1ère circonscription,85344,60773,"71,21%",24571,"28,79%",58776,"68,87%","96,71%",1314,"1,54%","2,16%",683,"0,80%","1,12%",Nuance candidat 17,
81,Tarn,81002,2ème circonscription,110310,79089,"71,70%",31221,"28,30%",76040,"68,93%","96,14%",2034,"1,84%","2,57%",1015,"0,92%","1,28%",Nuance candidat 17,
81,Tarn,81003,3ème circonscription,104780,75723,"72,27%",29057,"27,73%",72970,"69,64%","96,36%",1794,"1,71%","2,37%",959,"0,92%","1,27%",Nuance candidat 17,
81,Tarn,81001,1ère circonscription,85344,60773,"71,21%",24571,"28,79%",58776,"68,87%","96,71%",1314,"1,54%","2,16%",683,"0,80%","1,12%",Nom candidat 17,
81,Tarn,81002,2ème circonscription,110310,79089,"71,70%",31221,"28,30%",76040,"68,93%","96,14%",2034,"1,84%","2,57%",1015,"0,92%","1,28%",Nom candidat 17,
81,Tarn,81003,3ème circonscription,104780,75723,"72,27%",29057,"27,73%",72970,"69,64%","96,36%",1794,"1,71%","2,37%",959,"0,92%","1,27%",Nom candidat 17,
81,Tarn,81001,1ère circonscription,85344,60773,"71,21%",24571,"28,79%",58776,"68,87%","96,71%",1314,"1,54%","2,16%",683,"0,80%","1,12%",Prénom candidat 17,
81,Tarn,81002,2ème circonscription,110310,79089,"71,70%",31221,"28,30%",76040,"68,93%","96,14%",2034,"1,84%","2,57%",1015,"0,92%","1,28%",Prénom candidat 17,
81,Tarn,81003,3ème circonscription,104780,75723,"72,27%",29057,"27,73%",72970,"69,64%","96,36%",1794,"1,71%","2,37%",959,"0,92%","1,27%",Prénom candidat 17,
81,Tarn,81001,1ère circonscription,85344,60773,"71,21%",24571,"28,79%",58776,"68,87%","96,71%",1314,"1,54%","2,16%",683,"0,80%","1,12%",Sexe candidat 17,
81,Tarn,81002,2ème circonscription,110310,79089,"71,70%",31221,"28,30%",76040,"68,93%","96,14%",2034,"1,84%","2,57%",1015,"0,92%","1,28%",Sexe candidat 17,
81,Tarn,81003,3ème circonscription,104780,75723,"72,27%",29057,"27,73%",72970,"69,64%","96,36%",1794,"1,71%","2,37%",959,"0,92%","1,27%",Sexe candidat 17,
81,Tarn,81001,1ère circonscription,85344,60773,"71,21%",24571,"28,79%",58776,"68,87%","96,71%",1314,"1,54%","2,16%",683,"0,80%","1,12%",Voix 17,
81,Tarn,81002,2ème circonscription,110310,79089,"71,70%",31221,"28,30%",76040,"68,93%","96,14%",2034,"1,84%","2,57%",1015,"0,92%","1,28%",Voix 17,
81,Tarn,81003,3ème circonscription,104780,75723,"72,27%",29057,"27,73%",72970,"69,64%","96,36%",1794,"1,71%","2,37%",959,"0,92%","1,27%",Voix 17,
81,Tarn,81001,1ère circonscription,85344,60773,"71,21%",24571,"28,79%",58776,"68,87%","96,71%",1314,"1,54%","2,16%",683,"0,80%","1,12%",% Voix/inscrits 17,
81,Tarn,81002,2ème circonscription,110310,79089,"71,70%",31221,"28,30%",76040,"68,93%","96,14%",2034,"1,84%","2,57%",1015,"0,92%","1,28%",% Voix/inscrits 17,
81,Tarn,81003,3ème circonscription,104780,75723,"72,27%",29057,"27,73%",72970,"69,64%","96,36%",1794,"1,71%","2,37%",959,"0,92%","1,27%",% Voix/inscrits 17,
81,Tarn,81001,1ère circonscription,85344,60773,"71,21%",24571,"28,79%",58776,"68,87%","96,71%",1314,"1,54%","2,16%",683,"0,80%","1,12%",% Voix/exprimés 17,
81,Tarn,81002,2ème circonscription,110310,79089,"71,70%",31221,"28,30%",76040,"68,93%","96,14%",2034,"1,84%","2,57%",1015,"0,92%","1,28%",% Voix/exprimés 17,
81,Tarn,81003,3ème circonscription,104780,75723,"72,27%",29057,"27,73%",72970,"69,64%","96,36%",1794,"1,71%","2,37%",959,"0,92%","1,27%",% Voix/exprimés 17,
81,Tarn,81001,1ère circonscription,85344,60773,"71,21%",24571,"28,79%",58776,"68,87%","96,71%",1314,"1,54%","2,16%",683,"0,80%","1,12%",Elu 17,
81,Tarn,81002,2ème circonscription,110310,79089,"71,70%",31221,"28,30%",76040,"68,93%","96,14%",2034,"1,84%","2,57%",1015,"0,92%","1,28%",Elu 17,
81,Tarn,81003,3ème circonscription,104780,75723,"72,27%",29057,"27,73%",72970,"69,64%","96,36%",1794,"1,71%","2,37%",959,"0,92%","1,27%",Elu 17,
81,Tarn,81001,1ère circonscription,85344,60773,"71,21%",24571,"28,79%",58776,"68,87%","96,71%",1314,"1,54%","2,16%",683,"0,80%","1,12%",Numéro de panneau 18,
81,Tarn,81002,2ème circonscription,110310,79089,"71,70%",31221,"28,30%",76040,"68,93%","96,14%",2034,"1,84%","2,57%",1015,"0,92%","1,28%",Numéro de panneau 18,
81,Tarn,81003,3ème circonscription,104780,75723,"72,27%",29057,"27,73%",72970,"69,64%","96,36%",1794,"1,71%","2,37%",959,"0,92%","1,27%",Numéro de panneau 18,
81,Tarn,81001,1ère circonscription,85344,60773,"71,21%",24571,"28,79%",58776,"68,87%","96,71%",1314,"1,54%","2,16%",683,"0,80%","1,12%",Nuance candidat 18,
81,Tarn,81002,2ème circonscription,110310,79089,"71,70%",31221,"28,30%",76040,"68,93%","96,14%",2034,"1,84%","2,57%",1015,"0,92%","1,28%",Nuance candidat 18,
81,Tarn,81003,3ème circonscription,104780,75723,"72,27%",29057,"27,73%",72970,"69,64%","96,36%",1794,"1,71%","2,37%",959,"0,92%","1,27%",Nuance candidat 18,
81,Tarn,81001,1ère circonscription,85344,60773,"71,21%",24571,"28,79%",58776,"68,87%","96,71%",1314,"1,54%","2,16%",683,"0,80%","1,12%",Nom candidat 18,
81,Tarn,81002,2ème circonscription,110310,79089,"71,70%",31221,"28,30%",76040,"68,93%","96,14%",2034,"1,84%","2,57%",1015,"0,92%","1,28%",Nom candidat 18,
81,Tarn,81003,3ème circonscription,104780,75723,"72,27%",29057,"27,73%",72970,"69,64%","96,36%",1794,"1,71%","2,37%",959,"0,92%","1,27%",Nom candidat 18,
81,Tarn,81001,1ère circonscription,85344,60773,"71,21%",24571,"28,79%",58776,"68,87%","96,71%",1314,"1,54%","2,16%",683,"0,80%","1,12%",Prénom candidat 18,
81,Tarn,81002,2ème circonscription,110310,79089,"71,70%",31221,"28,30%",76040,"68,93%","96,14%",2034,"1,84%","2,57%",1015,"0,92%","1,28%",Prénom candidat 18,
81,Tarn,81003,3ème circonscription,104780,75723,"72,27%",29057,"27,73%",72970,"69,64%","96,36%",1794,"1,71%","2,37%",959,"0,92%","1,27%",Prénom candidat 18,
81,Tarn,81001,1ère circonscription,85344,60773,"71,21%",24571,"28,79%",58776,"68,87%","96,71%",1314,"1,54%","2,16%",683,"0,80%","1,12%",Sexe candidat 18,
81,Tarn,81002,2ème circonscription,110310,79089,"71,70%",31221,"28,30%",76040,"68,93%","96,14%",2034,"1,84%","2,57%",1015,"0,92%","1,28%",Sexe candidat 18,
81,Tarn,81003,3ème circonscription,104780,75723,"72,27%",29057,"27,73%",72970,"69,64%","96,36%",1794,"1,71%","2,37%",959,"0,92%","1,27%",Sexe candidat 18,
81,Tarn,81001,1ère circonscription,85344,60773,"71,21%",24571,"28,79%",58776,"68,87%","96,71%",1314,"1,54%","2,16%",683,"0,80%","1,12%",Voix 18,
81,Tarn,81002,2ème circonscription,110310,79089,"71,70%",31221,"28,30%",76040,"68,93%","96,14%",2034,"1,84%","2,57%",1015,"0,92%","1,28%",Voix 18,
81,Tarn,81003,3ème circonscription,104780,75723,"72,27%",29057,"27,73%",72970,"69,64%","96,36%",1794,"1,71%","2,37%",959,"0,92%","1,27%",Voix 18,
81,Tarn,81001,1ère circonscription,85344,60773,"71,21%",24571,"28,79%",58776,"68,87%","96,71%",1314,"1,54%","2,16%",683,"0,80%","1,12%",% Voix/inscrits 18,
81,Tarn,81002,2ème circonscription,110310,79089,"71,70%",31221,"28,30%",76040,"68,93%","96,14%",2034,"1,84%","2,57%",1015,"0,92%","1,28%",% Voix/inscrits 18,
81,Tarn,81003,3ème circonscription,104780,75723,"72,27%",29057,"27,73%",72970,"69,64%","96,36%",1794,"1,71%","2,37%",959,"0,92%","1,27%",% Voix/inscrits 18,
81,Tarn,81001,1ère circonscription,85344,60773,"71,21%",24571,"28,79%",58776,"68,87%","96,71%",1314,"1,54%","2,16%",683,"0,80%","1,12%",% Voix/exprimés 18,
81,Tarn,81002,2ème circonscription,110310,79089,"71,70%",31221,"28,30%",76040,"68,93%","96,14%",2034,"1,84%","2,57%",1015,"0,92%","1,28%",% Voix/exprimés 18,
81,Tarn,81003,3ème circonscription,104780,75723,"72,27%",29057,"27,73%",72970,"69,64%","96,36%",1794,"1,71%","2,37%",959,"0,92%","1,27%",% Voix/exprimés 18,
81,Tarn,81001,1ère circonscription,85344,60773,"71,21%",24571,"28,79%",58776,"68,87%","96,71%",1314,"1,54%","2,16%",683,"0,80%","1,12%",Elu 18,
81,Tarn,81002,2ème circonscription,110310,79089,"71,70%",31221,"28,30%",76040,"68,93%","96,14%",2034,"1,84%","2,57%",1015,"0,92%","1,28%",Elu 18,
81,Tarn,81003,3ème circonscription,104780,75723,"72,27%",29057,"27,73%",72970,"69,64%","96,36%",1794,"1,71%","2,37%",959,"0,92%","1,27%",Elu 18,
81,Tarn,81001,1ère circonscription,85344,60773,"71,21%",24571,"28,79%",58776,"68,87%","96,71%",1314,"1,54%","2,16%",683,"0,80%","1,12%",Numéro de panneau 19,
81,Tarn,81002,2ème circonscription,110310,79089,"71,70%",31221,"28,30%",76040,"68,93%","96,14%",2034,"1,84%","2,57%",1015,"0,92%","1,28%",Numéro de panneau 19,
81,Tarn,81003,3ème circonscription,104780,75723,"72,27%",29057,"27,73%",72970,"69,64%","96,36%",1794,"1,71%","2,37%",959,"0,92%","1,27%",Numéro de panneau 19,
81,Tarn,81001,1ère circonscription,85344,60773,"71,21%",24571,"28,79%",58776,"68,87%","96,71%",1314,"1,54%","2,16%",683,"0,80%","1,12%",Nuance candidat 19,
81,Tarn,81002,2ème circonscription,110310,79089,"71,70%",31221,"28,30%",76040,"68,93%","96,14%",2034,"1,84%","2,57%",1015,"0,92%","1,28%",Nuance candidat 19,
81,Tarn,81003,3ème circonscription,104780,75723,"72,27%",29057,"27,73%",72970,"69,64%","96,36%",1794,"1,71%","2,37%",959,"0,92%","1,27%",Nuance candidat 19,
81,Tarn,81001,1ère circonscription,85344,60773,"71,21%",24571,"28,79%",58776,"68,87%","96,71%",1314,"1,54%","2,16%",683,"0,80%","1,12%",Nom candidat 19,
81,Tarn,81002,2ème circonscription,110310,79089,"71,70%",31221,"28,30%",76040,"68,93%","96,14%",2034,"1,84%","2,57%",1015,"0,92%","1,28%",Nom candidat 19,
81,Tarn,81003,3ème circonscription,104780,75723,"72,27%",29057,"27,73%",72970,"69,64%","96,36%",1794,"1,71%","2,37%",959,"0,92%","1,27%",Nom candidat 19,
81,Tarn,81001,1ère circonscription,85344,60773,"71,21%",24571,"28,79%",58776,"68,87%","96,71%",1314,"1,54%","2,16%",683,"0,80%","1,12%",Prénom candidat 19,
81,Tarn,81002,2ème circonscription,110310,79089,"71,70%",31221,"28,30%",76040,"68,93%","96,14%",2034,"1,84%","2,57%",1015,"0,92%","1,28%",Prénom candidat 19,
81,Tarn,81003,3ème circonscription,104780,75723,"72,27%",29057,"27,73%",72970,"69,64%","96,36%",1794,"1,71%","2,37%",959,"0,92%","1,27%",Prénom candidat 19,
81,Tarn,81001,1ère circonscription,85344,60773,"71,21%",24571,"28,79%",58776,"68,87%","96,71%",1314,"1,54%","2,16%",683,"0,80%","1,12%",Sexe candidat 19,
81,Tarn,81002,2ème circonscription,110310,79089,"71,70%",31221,"28,30%",76040,"68,93%","96,14%",2034,"1,84%","2,57%",1015,"0,92%","1,28%",Sexe candidat 19,
81,Tarn,81003,3ème circonscription,104780,75723,"72,27%",29057,"27,73%",72970,"69,64%","96,36%",1794,"1,71%","2,37%",959,"0,92%","1,27%",Sexe candidat 19,
81,Tarn,81001,1ère circonscription,85344,60773,"71,21%",24571,"28,79%",58776,"68,87%","96,71%",1314,"1,54%","2,16%",683,"0,80%","1,12%",Voix 19,
81,Tarn,81002,2ème circonscription,110310,79089,"71,70%",31221,"28,30%",76040,"68,93%","96,14%",2034,"1,84%","2,57%",1015,"0,92%","1,28%",Voix 19,
81,Tarn,81003,3ème circonscription,104780,75723,"72,27%",29057,"27,73%",72970,"69,64%","96,36%",1794,"1,71%","2,37%",959,"0,92%","1,27%",Voix 19,
81,Tarn,81001,1ère circonscription,85344,60773,"71,21%",24571,"28,79%",58776,"68,87%","96,71%",1314,"1,54%","2,16%",683,"0,80%","1,12%",% Voix/inscrits 19,
81,Tarn,81002,2ème circonscription,110310,79089,"71,70%",31221,"28,30%",76040,"68,93%","96,14%",2034,"1,84%","2,57%",1015,"0,92%","1,28%",% Voix/inscrits 19,
81,Tarn,81003,3ème circonscription,104780,75723,"72,27%",29057,"27,73%",72970,"69,64%","96,36%",1794,"1,71%","2,37%",959,"0,92%","1,27%",% Voix/inscrits 19,
81,Tarn,81001,1ère circonscription,85344,60773,"71,21%",24571,"28,79%",58776,"68,87%","96,71%",1314,"1,54%","2,16%",683,"0,80%","1,12%",% Voix/exprimés 19,
81,Tarn,81002,2ème circonscription,110310,79089,"71,70%",31221,"28,30%",76040,"68,93%","96,14%",2034,"1,84%","2,57%",1015,"0,92%","1,28%",% Voix/exprimés 19,
81,Tarn,81003,3ème circonscription,104780,75723,"72,27%",29057,"27,73%",72970,"69,64%","96,36%",1794,"1,71%","2,37%",959,"0,92%","1,27%",% Voix/exprimés 19,
81,Tarn,81001,1ère circonscription,85344,60773,"71,21%",24571,"28,79%",58776,"68,87%","96,71%",1314,"1,54%","2,16%",683,"0,80%","1,12%",Elu 19,
81,Tarn,81002,2ème circonscription,110310,79089,"71,70%",31221,"28,30%",76040,"68,93%","96,14%",2034,"1,84%","2,57%",1015,"0,92%","1,28%",Elu 19,
81,Tarn,81003,3ème circonscription,104780,75723,"72,27%",29057,"27,73%",72970,"69,64%","96,36%",1794,"1,71%","2,37%",959,"0,92%","1,27%",Elu 19,
